sample_id,seed,task_family,target,oracle_expert,random_expert,learned_expert,learned_entropy,mlp_pred,graph_pred,attention_v1_pred,attention_v2_pred,learned_pred,oracle_pred,is_correct,route_matches_oracle
0,11,relational,1,graph,mlp,graph,1.0806,1,1,1,1,1,1,1,1
1,11,feature,0,mlp,mlp,attention_v2,0.7698,0,1,1,0,0,0,1,0
2,11,contextual,1,attention_v2,attention_v2,attention_v2,0.6785,1,0,1,1,1,1,1,1
3,11,contextual,1,attention_v2,mlp,attention_v2,0.8005,1,0,1,1,1,1,1,1
4,11,contextual,1,attention_v2,mlp,attention_v2,0.6668,1,0,0,1,1,1,1,1
5,11,relational,1,graph,attention,graph,0.9508,1,1,1,1,1,1,1,1
6,11,feature,1,mlp,attention_v2,attention_v2,0.4784,1,1,0,1,1,1,1,0
7,11,feature,1,mlp,mlp,mlp,0.7276,1,1,1,0,1,1,1,1
8,11,feature,0,mlp,mlp,attention,1.0039,0,1,0,1,0,0,1,0
9,11,contextual,1,attention_v2,mlp,attention_v2,0.8556,1,0,1,1,1,1,1,1
10,11,relational,1,graph,attention_v2,graph,1.2484,1,0,1,0,0,0,0,1
11,11,contextual,0,attention_v2,attention_v2,attention_v2,1.1865,1,0,0,0,0,0,1,1
12,11,contextual,0,attention_v2,mlp,attention_v2,0.9873,1,0,1,0,0,0,1,1
13,11,feature,1,mlp,mlp,mlp,0.7349,1,1,1,0,1,1,1,1
14,11,feature,1,mlp,attention_v2,attention_v2,0.4671,1,1,0,1,1,1,1,0
15,11,relational,0,graph,attention_v2,graph,1.1660,1,0,0,0,0,0,1,1
16,11,contextual,1,attention_v2,graph,attention_v2,0.9832,1,0,0,1,1,1,1,1
17,11,contextual,1,attention_v2,mlp,attention_v2,0.8620,1,0,0,1,1,1,1,1
18,11,contextual,1,attention_v2,attention,attention_v2,0.8961,1,0,1,1,1,1,1,1
19,11,feature,1,mlp,attention_v2,mlp,0.7402,1,1,1,0,1,1,1,1
20,11,feature,1,mlp,attention,attention_v2,0.4733,1,1,0,1,1,1,1,0
21,11,feature,0,mlp,mlp,attention,1.0145,0,1,0,1,0,0,1,0
22,11,relational,0,graph,attention,graph,1.0491,1,0,1,0,0,0,1,1
23,11,relational,1,graph,attention_v2,graph,0.9038,1,1,0,1,1,1,1,1
24,11,feature,0,mlp,graph,attention,1.0054,0,1,0,1,0,0,1,0
25,11,feature,1,mlp,graph,attention_v2,0.4780,1,1,0,1,1,1,1,0
26,11,contextual,1,attention_v2,graph,attention_v2,0.8302,1,0,1,1,1,1,1,1
27,11,relational,1,graph,graph,graph,1.2168,1,1,1,0,1,1,1,1
28,11,contextual,1,attention_v2,graph,attention_v2,0.9848,1,0,0,1,1,1,1,1
29,11,contextual,1,attention_v2,graph,attention_v2,0.6535,1,0,0,0,0,0,0,1
30,11,feature,1,mlp,attention_v2,mlp,0.7357,1,1,1,0,1,1,1,1
31,11,contextual,1,attention_v2,mlp,attention_v2,0.6229,1,0,1,1,1,1,1,1
32,11,contextual,0,attention_v2,graph,attention_v2,0.4100,1,0,1,0,0,0,1,1
33,11,relational,1,graph,attention,graph,1.1732,1,1,1,0,1,1,1,1
34,11,contextual,1,attention_v2,mlp,attention_v2,1.0278,1,0,1,1,1,1,1,1
35,11,feature,0,mlp,attention,attention_v2,0.7748,0,1,1,0,0,0,1,0
36,11,relational,0,graph,mlp,graph,0.6181,1,1,1,1,1,1,0,1
37,11,relational,0,graph,attention,graph,1.0860,1,0,1,1,0,0,1,1
38,11,contextual,1,attention_v2,attention_v2,attention_v2,1.1083,1,0,0,1,1,1,1,1
39,11,contextual,1,attention_v2,attention_v2,attention_v2,0.7981,1,0,0,1,1,1,1,1
40,11,feature,1,mlp,attention,attention_v2,0.4726,1,1,0,1,1,1,1,0
41,11,relational,0,graph,attention_v2,graph,1.1298,1,0,0,0,0,0,1,1
42,11,relational,1,graph,attention_v2,graph,0.9930,1,1,0,1,1,1,1,1
43,11,contextual,0,attention_v2,graph,attention_v2,0.6267,1,0,1,0,0,0,1,1
44,11,relational,0,graph,attention_v2,graph,1.0163,1,0,0,0,0,0,1,1
45,11,relational,1,graph,mlp,graph,0.9543,1,1,1,1,1,1,1,1
46,11,relational,0,graph,attention,graph,0.9008,1,1,0,1,1,1,0,1
47,11,feature,1,mlp,attention,mlp,0.7459,1,1,1,0,1,1,1,1
48,11,contextual,0,attention_v2,attention_v2,attention_v2,0.7811,1,0,1,0,0,0,1,1
49,11,feature,1,mlp,attention,attention_v2,0.4732,1,1,0,1,1,1,1,0
50,11,feature,0,mlp,attention_v2,attention_v2,0.7863,0,1,1,0,0,0,1,0
51,11,relational,0,graph,attention,graph,0.9698,1,0,1,0,0,0,1,1
52,11,contextual,1,attention_v2,mlp,attention_v2,0.8186,1,0,0,1,1,1,1,1
53,11,contextual,1,attention_v2,mlp,attention_v2,0.8896,1,0,1,1,1,1,1,1
54,11,feature,0,mlp,attention_v2,attention,1.0049,0,1,0,1,0,0,1,0
55,11,contextual,0,attention_v2,attention,attention_v2,0.6044,1,0,1,0,0,0,1,1
56,11,feature,1,mlp,graph,mlp,0.7344,1,1,1,0,1,1,1,1
57,11,relational,1,graph,mlp,graph,1.1016,1,1,0,0,1,1,1,1
58,11,relational,1,graph,attention,graph,1.0813,1,1,1,0,1,1,1,1
59,11,contextual,1,attention_v2,attention,attention_v2,0.9794,1,0,1,1,1,1,1,1
60,11,contextual,1,attention_v2,attention_v2,attention_v2,0.6085,1,0,1,1,1,1,1,1
61,11,feature,0,mlp,mlp,attention_v2,0.7754,0,1,1,0,0,0,1,0
62,11,relational,0,graph,attention,graph,0.7562,1,1,1,0,1,1,0,1
63,11,relational,1,graph,attention,graph,1.1958,1,0,1,1,0,0,0,1
64,11,contextual,1,attention_v2,mlp,attention_v2,0.7015,1,0,0,1,1,1,1,1
65,11,feature,1,mlp,graph,attention_v2,0.4687,1,1,0,1,1,1,1,0
66,11,relational,0,graph,mlp,graph,1.1183,1,0,1,1,0,0,1,1
67,11,contextual,1,attention_v2,attention,attention_v2,0.4797,1,0,1,1,1,1,1,1
68,11,contextual,1,attention_v2,mlp,attention_v2,1.0320,1,0,1,1,1,1,1,1
69,11,contextual,0,attention_v2,mlp,attention_v2,0.6439,1,0,1,0,0,0,1,1
70,11,feature,0,mlp,mlp,attention_v2,0.7788,0,1,1,0,0,0,1,0
71,11,feature,0,mlp,mlp,attention,1.0069,0,1,0,1,0,0,1,0
72,11,feature,1,mlp,attention_v2,attention_v2,0.4775,1,1,0,1,1,1,1,0
73,11,contextual,0,attention_v2,mlp,attention_v2,0.7241,1,0,0,0,0,0,1,1
74,11,relational,1,graph,attention_v2,graph,1.1057,1,1,0,1,1,1,1,1
75,11,feature,1,mlp,attention,mlp,0.7347,1,1,1,0,1,1,1,1
76,11,feature,0,mlp,graph,attention_v2,0.7577,0,1,1,0,0,0,1,0
77,11,feature,1,mlp,mlp,mlp,0.7471,1,1,1,0,1,1,1,1
78,11,relational,1,graph,attention_v2,graph,1.2331,1,1,0,1,1,1,1,1
79,11,contextual,1,attention_v2,attention_v2,attention_v2,0.7250,1,0,1,1,1,1,1,1
80,11,contextual,1,attention_v2,attention,attention_v2,0.5727,1,0,1,1,1,1,1,1
81,11,contextual,0,attention_v2,mlp,attention_v2,0.7009,1,0,1,0,0,0,1,1
82,11,relational,0,graph,mlp,graph,1.0110,1,0,1,0,0,0,1,1
83,11,relational,1,graph,attention,graph,1.2350,1,0,1,0,0,0,0,1
84,11,feature,1,mlp,attention,attention_v2,0.4607,1,1,1,1,1,1,1,0
85,11,relational,0,graph,attention_v2,graph,0.9678,1,1,1,1,1,1,0,1
86,11,feature,0,mlp,graph,attention_v2,0.7904,0,1,1,0,0,0,1,0
87,11,feature,0,mlp,attention,attention_v2,0.7791,0,1,1,0,0,0,1,0
88,11,relational,1,graph,graph,graph,0.9139,1,1,1,0,1,1,1,1
89,11,feature,1,mlp,graph,mlp,0.7356,1,1,1,0,1,1,1,1
90,11,relational,1,graph,attention_v2,graph,1.0700,1,1,0,1,1,1,1,1
91,11,relational,0,graph,attention,graph,1.1239,1,1,1,1,1,1,0,1
92,11,relational,1,graph,attention_v2,graph,1.1685,1,1,0,1,1,1,1,1
93,11,feature,0,mlp,attention_v2,attention_v2,0.7740,0,1,1,0,0,0,1,0
94,11,relational,1,graph,attention,graph,1.2102,1,0,1,1,0,0,0,1
95,11,relational,1,graph,graph,graph,1.1111,1,1,1,1,1,1,1,1
96,11,contextual,0,attention_v2,attention,attention_v2,0.6954,1,0,1,0,0,0,1,1
97,11,feature,1,mlp,mlp,attention_v2,0.4739,1,1,0,1,1,1,1,0
98,11,relational,0,graph,graph,graph,0.9225,1,1,0,1,1,1,0,1
99,11,contextual,1,attention_v2,attention,attention_v2,0.8797,1,0,0,1,1,1,1,1
100,11,feature,1,mlp,mlp,attention_v2,0.4773,1,1,0,1,1,1,1,0
101,11,relational,0,graph,mlp,graph,0.9610,1,0,0,1,0,0,1,1
102,11,feature,1,mlp,mlp,mlp,0.7284,1,1,1,0,1,1,1,1
103,11,feature,0,mlp,mlp,attention,1.0067,0,1,0,1,0,0,1,0
104,11,relational,1,graph,graph,graph,1.2792,1,0,0,1,0,0,0,1
105,11,feature,0,mlp,attention,attention,1.0034,0,1,0,1,0,0,1,0
106,11,feature,1,mlp,attention_v2,mlp,0.7206,1,1,1,0,1,1,1,1
107,11,contextual,1,attention_v2,mlp,attention_v2,0.4222,0,0,1,1,1,1,1,1
108,11,contextual,0,attention_v2,attention,attention_v2,0.4016,1,0,1,0,0,0,1,1
109,11,feature,1,mlp,attention,mlp,0.7307,1,1,1,0,1,1,1,1
110,11,relational,0,graph,graph,graph,0.9097,1,0,1,1,0,0,1,1
111,11,feature,1,mlp,attention_v2,mlp,0.7341,1,1,1,0,1,1,1,1
112,11,feature,0,mlp,graph,attention_v2,0.7776,0,1,1,0,0,0,1,0
113,11,contextual,1,attention_v2,attention_v2,attention_v2,0.8790,1,0,0,1,1,1,1,1
114,11,contextual,1,attention_v2,attention,attention_v2,0.6412,1,0,1,1,1,1,1,1
115,11,contextual,0,attention_v2,attention_v2,attention_v2,0.8241,0,0,0,0,0,0,1,1
116,11,feature,1,mlp,attention,mlp,0.7488,1,1,1,0,1,1,1,1
117,11,contextual,0,attention_v2,mlp,attention_v2,0.9872,1,0,1,0,0,0,1,1
118,11,relational,0,graph,attention_v2,graph,0.8989,1,0,1,1,0,0,1,1
119,11,contextual,1,attention_v2,attention,attention_v2,1.0455,1,0,0,1,1,1,1,1
120,11,contextual,1,attention_v2,mlp,attention_v2,1.0986,1,1,1,1,1,1,1,1
121,11,feature,1,mlp,attention_v2,mlp,0.7482,1,1,1,0,1,1,1,1
122,11,relational,0,graph,mlp,graph,0.7815,1,0,1,1,0,0,1,1
123,11,contextual,1,attention_v2,attention_v2,attention_v2,0.8374,1,0,1,1,1,1,1,1
124,11,contextual,0,attention_v2,graph,attention_v2,0.9353,1,0,0,0,0,0,1,1
125,11,feature,1,mlp,attention_v2,mlp,0.7395,1,1,1,0,1,1,1,1
126,11,relational,1,graph,attention_v2,graph,1.0656,1,1,1,0,1,1,1,1
127,11,relational,1,graph,attention,graph,0.9294,1,0,0,0,0,0,0,1
128,11,feature,0,mlp,graph,attention_v2,0.7733,0,1,1,0,0,0,1,0
129,11,feature,0,mlp,mlp,attention_v2,0.7648,0,1,1,0,0,0,1,0
130,11,feature,1,mlp,attention_v2,mlp,0.7206,1,1,1,0,1,1,1,1
131,11,contextual,0,attention_v2,mlp,attention_v2,0.9213,1,1,1,0,0,0,1,1
132,11,feature,1,mlp,mlp,mlp,0.7401,1,1,1,0,1,1,1,1
133,11,contextual,0,attention_v2,attention,attention_v2,0.3527,1,0,1,1,1,1,0,1
134,11,feature,0,mlp,graph,attention_v2,0.7948,0,1,1,0,0,0,1,0
135,11,feature,0,mlp,mlp,attention_v2,0.7776,0,1,1,0,0,0,1,0
136,11,relational,1,graph,graph,graph,1.0419,1,0,0,0,0,0,0,1
137,11,contextual,0,attention_v2,graph,attention_v2,0.6846,1,0,1,0,0,0,1,1
138,11,contextual,1,attention_v2,attention_v2,attention_v2,0.7328,1,0,1,1,1,1,1,1
139,11,relational,1,graph,attention,mlp,1.1029,1,1,1,1,1,1,1,0
140,11,relational,1,graph,attention,graph,1.0404,1,1,1,0,1,1,1,1
141,11,contextual,0,attention_v2,attention_v2,attention_v2,0.5915,1,0,0,0,0,0,1,1
142,11,relational,0,graph,attention,graph,0.7515,1,1,0,1,1,1,0,1
143,11,feature,0,mlp,graph,attention_v2,0.7713,0,1,1,0,0,0,1,0
144,11,contextual,1,attention_v2,mlp,attention_v2,1.0490,1,0,1,1,1,1,1,1
145,11,contextual,1,attention_v2,attention,attention_v2,1.0436,1,0,0,1,1,1,1,1
146,11,contextual,0,attention_v2,attention,attention_v2,1.0178,1,1,0,0,0,0,1,1
147,11,contextual,1,attention_v2,graph,attention_v2,0.9170,1,0,1,1,1,1,1,1
148,11,contextual,0,attention_v2,attention_v2,attention_v2,0.6069,1,0,1,0,0,0,1,1
149,11,contextual,1,attention_v2,attention_v2,attention_v2,0.7271,1,0,1,1,1,1,1,1
150,11,relational,1,graph,attention_v2,graph,0.9925,1,1,1,1,1,1,1,1
151,11,feature,0,mlp,graph,attention,1.0174,0,1,0,1,0,0,1,0
152,11,relational,0,graph,graph,graph,0.9518,1,0,0,1,0,0,1,1
153,11,contextual,1,attention_v2,graph,attention_v2,0.8179,1,0,0,1,1,1,1,1
154,11,feature,0,mlp,mlp,attention_v2,0.7605,0,1,1,0,0,0,1,0
155,11,relational,1,graph,attention,graph,0.7785,1,1,1,1,1,1,1,1
156,11,relational,0,graph,graph,graph,0.8928,1,0,1,1,0,0,1,1
157,11,relational,0,graph,attention,graph,1.2273,1,0,1,0,0,0,1,1
158,11,contextual,1,attention_v2,attention_v2,attention_v2,0.6039,1,0,1,1,1,1,1,1
159,11,contextual,0,attention_v2,graph,attention_v2,0.6824,1,0,1,0,0,0,1,1
160,11,relational,0,graph,attention,graph,0.8933,1,0,1,1,0,0,1,1
161,11,contextual,0,attention_v2,graph,attention_v2,0.4574,1,0,1,0,0,0,1,1
162,11,feature,1,mlp,graph,attention_v2,0.4856,1,1,0,1,1,1,1,0
163,11,feature,0,mlp,attention_v2,attention,1.0117,0,1,0,1,0,0,1,0
164,11,feature,1,mlp,graph,mlp,0.7321,1,1,1,0,1,1,1,1
165,11,feature,1,mlp,attention_v2,attention_v2,0.4683,1,1,0,1,1,1,1,0
166,11,feature,0,mlp,attention,attention_v2,0.7588,0,1,1,0,0,0,1,0
167,11,relational,0,graph,attention,graph,0.5944,1,0,0,1,0,0,1,1
168,11,feature,0,mlp,attention,attention_v2,0.7633,0,1,1,0,0,0,1,0
169,11,feature,1,mlp,attention_v2,attention_v2,0.4852,1,1,0,1,1,1,1,0
170,11,relational,1,graph,mlp,graph,1.1946,1,1,0,1,1,1,1,1
171,11,feature,0,mlp,mlp,attention_v2,0.7935,0,1,1,0,0,0,1,0
172,11,feature,0,mlp,mlp,attention,1.0076,0,1,0,1,0,0,1,0
173,11,contextual,0,attention_v2,attention_v2,attention_v2,0.5561,1,0,0,0,0,0,1,1
174,11,contextual,1,attention_v2,graph,attention_v2,0.7134,1,0,1,1,1,1,1,1
175,11,relational,0,graph,attention,graph,1.3197,1,0,1,1,0,0,1,1
176,11,feature,1,mlp,graph,attention_v2,0.4687,1,1,0,1,1,1,1,0
177,11,contextual,0,attention_v2,mlp,attention_v2,1.0028,1,0,1,0,0,0,1,1
178,11,relational,0,graph,attention_v2,graph,1.0361,1,0,1,0,0,0,1,1
179,11,relational,0,graph,attention,graph,1.0379,1,0,1,0,0,0,1,1
180,11,relational,0,graph,attention,graph,0.9070,1,0,1,0,0,0,1,1
181,11,contextual,0,attention_v2,attention,attention_v2,1.0878,1,0,0,0,0,0,1,1
182,11,feature,1,mlp,graph,attention_v2,0.4769,1,1,0,1,1,1,1,0
183,11,feature,0,mlp,attention,attention_v2,0.7606,0,1,1,0,0,0,1,0
184,11,feature,0,mlp,graph,attention_v2,0.7638,0,1,1,0,0,0,1,0
185,11,feature,1,mlp,attention,attention_v2,0.4686,1,1,1,1,1,1,1,0
186,11,feature,0,mlp,attention_v2,attention_v2,0.7756,0,1,1,0,0,0,1,0
187,11,relational,0,graph,attention,graph,1.1474,1,0,1,0,0,0,1,1
188,11,feature,1,mlp,mlp,attention_v2,0.4656,1,1,0,1,1,1,1,0
189,11,feature,1,mlp,attention_v2,attention_v2,0.4717,1,1,0,1,1,1,1,0
190,11,feature,0,mlp,attention,attention_v2,0.7736,0,1,1,0,0,0,1,0
191,11,feature,1,mlp,attention_v2,attention_v2,0.4754,1,1,0,1,1,1,1,0
192,11,contextual,0,attention_v2,graph,attention_v2,0.7009,1,0,1,0,0,0,1,1
193,11,contextual,0,attention_v2,attention,attention_v2,0.5435,0,0,1,0,0,0,1,1
194,11,feature,0,mlp,attention,attention,1.0123,0,1,0,1,0,0,1,0
195,11,feature,0,mlp,mlp,attention,1.0057,0,1,0,1,0,0,1,0
196,11,feature,1,mlp,attention_v2,mlp,0.7353,1,1,1,0,1,1,1,1
197,11,contextual,0,attention_v2,graph,attention_v2,0.7031,1,0,1,0,0,0,1,1
198,11,relational,0,graph,attention_v2,graph,0.8642,1,1,1,1,1,1,0,1
199,11,feature,1,mlp,attention_v2,mlp,0.7348,1,1,1,0,1,1,1,1
200,11,feature,0,mlp,attention_v2,attention,0.9993,0,1,0,1,0,0,1,0
201,11,contextual,0,attention_v2,attention,attention_v2,0.8172,1,0,0,0,0,0,1,1
202,11,contextual,1,attention_v2,attention_v2,attention_v2,0.5170,1,0,1,1,1,1,1,1
203,11,relational,1,graph,attention_v2,graph,0.8224,1,1,0,1,1,1,1,1
204,11,contextual,0,attention_v2,attention_v2,attention_v2,1.0806,1,0,0,0,0,0,1,1
205,11,contextual,1,attention_v2,graph,attention_v2,0.6910,1,0,1,1,1,1,1,1
206,11,relational,0,graph,attention_v2,graph,1.0972,1,1,0,1,1,1,0,1
207,11,contextual,0,attention_v2,graph,attention_v2,0.8426,1,0,1,0,0,0,1,1
208,11,contextual,0,attention_v2,mlp,attention_v2,0.4357,1,0,1,0,0,0,1,1
209,11,relational,1,graph,attention,graph,0.9595,1,1,1,0,1,1,1,1
210,11,relational,1,graph,mlp,graph,1.1217,1,1,0,1,1,1,1,1
211,11,contextual,1,attention_v2,graph,attention_v2,0.6158,1,0,1,1,1,1,1,1
212,11,contextual,1,attention_v2,attention,attention_v2,0.8339,1,1,0,1,1,1,1,1
213,11,contextual,0,attention_v2,graph,attention_v2,0.7275,1,0,1,0,0,0,1,1
214,11,relational,0,graph,attention_v2,graph,1.2033,1,0,1,1,0,0,1,1
215,11,feature,0,mlp,mlp,attention_v2,0.7727,0,1,1,0,0,0,1,0
216,11,contextual,1,attention_v2,mlp,attention_v2,0.9081,1,1,1,1,1,1,1,1
217,11,feature,0,mlp,attention_v2,attention,1.0215,0,1,0,1,0,0,1,0
218,11,feature,0,mlp,graph,attention,1.0187,0,1,0,1,0,0,1,0
219,11,feature,1,mlp,attention,attention_v2,0.4634,1,1,0,1,1,1,1,0
220,11,feature,0,mlp,attention_v2,attention_v2,0.7663,0,1,1,0,0,0,1,0
221,11,feature,0,mlp,graph,attention_v2,0.7860,0,1,1,0,0,0,1,0
222,11,contextual,0,attention_v2,attention,attention_v2,0.6736,0,0,0,0,0,0,1,1
223,11,relational,0,graph,mlp,graph,1.1393,1,0,1,0,0,0,1,1
224,11,relational,0,graph,attention,graph,1.1111,1,1,0,1,1,1,0,1
225,11,feature,0,mlp,mlp,attention,1.0111,0,1,0,1,0,0,1,0
226,11,relational,1,graph,mlp,graph,1.1180,1,1,0,0,1,1,1,1
227,11,contextual,1,attention_v2,attention,attention_v2,0.9588,1,0,1,1,1,1,1,1
228,11,contextual,1,attention_v2,attention_v2,attention_v2,1.0964,1,0,1,1,1,1,1,1
229,11,feature,0,mlp,attention,attention,1.0093,0,1,0,1,0,0,1,0
230,11,relational,1,graph,attention,graph,0.8250,1,1,1,1,1,1,1,1
231,11,relational,0,graph,graph,graph,0.8876,1,1,1,0,1,1,0,1
232,11,relational,0,graph,mlp,graph,0.8204,1,0,1,0,0,0,1,1
233,11,relational,0,graph,attention_v2,graph,1.0972,1,0,1,1,0,0,1,1
234,11,feature,0,mlp,attention,attention_v2,0.7806,0,1,1,0,0,0,1,0
235,11,relational,1,graph,attention_v2,graph,1.1603,1,1,0,1,1,1,1,1
236,11,feature,1,mlp,attention,attention_v2,0.4795,1,1,1,1,1,1,1,0
237,11,contextual,1,attention_v2,attention_v2,attention_v2,0.6666,0,0,0,1,1,1,1,1
238,11,feature,1,mlp,attention,attention_v2,0.4615,1,1,0,1,1,1,1,0
239,11,relational,1,graph,mlp,graph,1.1575,1,0,1,0,0,0,0,1
240,11,feature,0,mlp,graph,attention_v2,0.7782,0,1,1,0,0,0,1,0
241,11,feature,1,mlp,attention,mlp,0.7220,1,1,1,0,1,1,1,1
242,11,feature,1,mlp,graph,mlp,0.7368,1,1,1,0,1,1,1,1
243,11,contextual,0,attention_v2,mlp,attention_v2,0.7058,1,0,1,0,0,0,1,1
244,11,feature,1,mlp,graph,mlp,0.7320,1,1,1,0,1,1,1,1
245,11,contextual,1,attention_v2,mlp,attention_v2,0.6284,1,0,1,1,1,1,1,1
246,11,feature,0,mlp,attention_v2,attention,1.0141,0,1,0,1,0,0,1,0
247,11,contextual,0,attention_v2,attention_v2,attention_v2,0.9518,1,0,1,0,0,0,1,1
248,11,relational,0,graph,attention_v2,graph,1.1806,1,0,0,0,0,0,1,1
249,11,feature,0,mlp,attention,attention_v2,0.7619,0,1,1,0,0,0,1,0
250,11,contextual,0,attention_v2,attention_v2,attention_v2,1.0063,1,0,1,0,0,0,1,1
251,11,contextual,1,attention_v2,mlp,attention_v2,1.3406,0,0,0,1,1,1,1,1
252,11,relational,1,graph,mlp,graph,1.0746,1,0,1,0,0,0,0,1
253,11,contextual,1,attention_v2,attention,attention_v2,1.0085,1,0,0,1,1,1,1,1
254,11,relational,0,graph,attention,graph,0.8645,1,1,1,0,1,1,0,1
255,11,feature,0,mlp,mlp,attention,1.0050,0,1,0,1,0,0,1,0
256,11,feature,1,mlp,attention_v2,mlp,0.7391,1,1,1,0,1,1,1,1
257,11,contextual,0,attention_v2,attention,attention_v2,0.6926,1,0,1,0,0,0,1,1
258,11,relational,0,graph,attention,graph,0.9500,1,1,1,0,1,1,0,1
259,11,feature,1,mlp,graph,mlp,0.7262,1,1,1,0,1,1,1,1
260,11,relational,1,graph,attention,graph,1.0852,1,1,1,1,1,1,1,1
261,11,feature,1,mlp,attention_v2,mlp,0.7319,1,1,1,0,1,1,1,1
262,11,feature,0,mlp,mlp,attention_v2,0.7664,0,1,1,0,0,0,1,0
263,11,relational,1,graph,attention_v2,graph,0.9633,1,1,1,1,1,1,1,1
264,11,relational,0,graph,graph,graph,1.0711,1,0,1,1,0,0,1,1
265,11,contextual,1,attention_v2,mlp,attention_v2,0.7958,1,0,1,1,1,1,1,1
266,11,feature,1,mlp,graph,attention_v2,0.4660,1,1,1,1,1,1,1,0
267,11,feature,1,mlp,graph,attention_v2,0.4655,1,1,0,1,1,1,1,0
268,11,feature,0,mlp,attention_v2,attention,0.9991,0,1,0,1,0,0,1,0
269,11,feature,1,mlp,mlp,mlp,0.7186,1,1,1,0,1,1,1,1
270,11,relational,1,graph,attention,graph,0.7723,1,1,0,0,1,1,1,1
271,11,contextual,1,attention_v2,mlp,attention_v2,0.5066,1,0,1,1,1,1,1,1
272,11,contextual,0,attention_v2,attention_v2,attention_v2,0.3690,0,0,1,0,0,0,1,1
273,11,contextual,0,attention_v2,mlp,attention_v2,0.9383,1,0,1,0,0,0,1,1
274,11,contextual,0,attention_v2,attention_v2,attention_v2,0.9464,1,0,0,0,0,0,1,1
275,11,contextual,1,attention_v2,attention_v2,attention_v2,0.4689,1,0,1,1,1,1,1,1
276,11,contextual,0,attention_v2,graph,attention_v2,0.5135,1,1,0,0,0,0,1,1
277,11,feature,1,mlp,mlp,attention_v2,0.4729,1,1,0,1,1,1,1,0
278,11,relational,1,graph,graph,graph,0.9847,1,1,0,1,1,1,1,1
279,11,contextual,0,attention_v2,mlp,attention_v2,0.8144,1,0,1,0,0,0,1,1
280,11,feature,0,mlp,graph,attention_v2,0.7665,0,1,1,0,0,0,1,0
281,11,relational,0,graph,graph,graph,1.0178,1,0,1,0,0,0,1,1
282,11,feature,1,mlp,attention,mlp,0.7368,1,1,1,0,1,1,1,1
283,11,relational,0,graph,mlp,graph,0.7221,1,0,1,1,0,0,1,1
284,11,contextual,1,attention_v2,attention,attention_v2,0.7331,1,0,1,1,1,1,1,1
285,11,feature,1,mlp,mlp,attention_v2,0.4791,1,1,0,1,1,1,1,0
286,11,feature,0,mlp,attention,attention,1.0070,0,1,0,1,0,0,1,0
287,11,relational,1,graph,mlp,graph,0.8870,1,1,0,1,1,1,1,1
288,11,feature,0,mlp,attention_v2,attention,1.0084,0,1,0,1,0,0,1,0
289,11,contextual,1,attention_v2,attention,attention_v2,0.9688,0,0,0,1,1,1,1,1
290,11,contextual,1,attention_v2,attention,attention_v2,1.2307,1,0,1,1,1,1,1,1
291,11,contextual,0,attention_v2,graph,attention_v2,0.7109,1,0,1,0,0,0,1,1
292,11,contextual,1,attention_v2,attention,attention_v2,0.5894,0,1,0,1,1,1,1,1
293,11,relational,0,graph,mlp,graph,1.2254,1,0,1,0,0,0,1,1
294,11,relational,0,graph,attention,graph,1.1635,1,0,0,0,0,0,1,1
295,11,contextual,0,attention_v2,graph,attention_v2,0.6197,1,0,1,0,0,0,1,1
296,11,feature,1,mlp,attention,mlp,0.7292,1,1,1,0,1,1,1,1
297,11,feature,0,mlp,attention,attention_v2,0.7789,0,1,1,0,0,0,1,0
298,11,relational,0,graph,mlp,graph,1.2153,1,0,1,1,0,0,1,1
299,11,feature,0,mlp,graph,attention,1.0164,0,1,0,1,0,0,1,0
300,11,feature,0,mlp,mlp,attention,1.0109,0,1,0,1,0,0,1,0
301,11,feature,0,mlp,graph,attention_v2,0.7834,0,1,1,0,0,0,1,0
302,11,relational,0,graph,attention_v2,graph,0.9692,1,0,1,0,0,0,1,1
303,11,contextual,1,attention_v2,mlp,attention_v2,0.6200,1,0,1,1,1,1,1,1
304,11,feature,1,mlp,mlp,mlp,0.7273,1,1,1,0,1,1,1,1
305,11,contextual,1,attention_v2,graph,attention_v2,0.9691,1,0,0,1,1,1,1,1
306,11,feature,0,mlp,graph,attention_v2,0.7692,0,1,1,0,0,0,1,0
307,11,contextual,0,attention_v2,mlp,attention_v2,0.7017,1,0,1,0,0,0,1,1
308,11,feature,1,mlp,graph,mlp,0.7387,1,1,1,0,1,1,1,1
309,11,relational,1,graph,attention,graph,1.0476,1,1,1,1,1,1,1,1
310,11,relational,0,graph,attention_v2,graph,0.9877,1,1,0,1,1,1,0,1
311,11,relational,0,graph,attention_v2,graph,1.0716,1,0,0,1,0,0,1,1
312,11,relational,0,graph,attention_v2,graph,0.8760,1,0,1,0,0,0,1,1
313,11,feature,0,mlp,graph,attention,1.0042,0,1,0,1,0,0,1,0
314,11,feature,0,mlp,mlp,attention,1.0053,0,1,0,1,0,0,1,0
315,11,relational,0,graph,attention_v2,graph,1.0410,1,1,0,0,1,1,0,1
316,11,feature,1,mlp,attention_v2,mlp,0.7481,1,1,1,0,1,1,1,1
317,11,relational,1,graph,graph,graph,1.1428,1,0,0,1,0,0,0,1
318,11,relational,1,graph,attention,graph,1.0862,1,1,1,0,1,1,1,1
319,11,contextual,0,attention_v2,mlp,attention_v2,0.6475,1,0,1,0,0,0,1,1
320,11,feature,0,mlp,attention_v2,attention_v2,0.7709,0,1,1,0,0,0,1,0
321,11,feature,0,mlp,mlp,attention_v2,0.7805,0,1,1,0,0,0,1,0
322,11,relational,1,graph,mlp,graph,0.8772,1,1,1,0,1,1,1,1
323,11,contextual,0,attention_v2,attention_v2,attention_v2,1.2712,1,0,0,0,0,0,1,1
324,11,feature,1,mlp,mlp,mlp,0.7328,1,1,1,0,1,1,1,1
325,11,relational,0,graph,mlp,graph,0.7169,1,1,1,1,1,1,0,1
326,11,relational,1,graph,mlp,graph,0.8744,1,1,1,1,1,1,1,1
327,11,contextual,0,attention_v2,attention_v2,attention_v2,0.8032,1,0,0,0,0,0,1,1
328,11,contextual,0,attention_v2,attention_v2,attention_v2,0.4196,1,0,1,0,0,0,1,1
329,11,feature,1,mlp,mlp,attention_v2,0.4538,1,1,1,1,1,1,1,0
330,11,contextual,0,attention_v2,graph,attention_v2,0.6269,1,1,1,0,0,0,1,1
331,11,feature,0,mlp,graph,attention_v2,0.7824,0,1,1,0,0,0,1,0
332,11,relational,0,graph,graph,graph,1.0450,1,1,1,0,1,1,0,1
333,11,relational,1,graph,mlp,graph,1.0965,1,1,1,0,1,1,1,1
334,11,relational,1,graph,attention,mlp,1.1375,1,1,1,0,1,1,1,0
335,11,relational,1,graph,graph,graph,1.2554,1,0,1,0,0,0,0,1
336,11,relational,1,graph,mlp,graph,0.8470,1,1,1,0,1,1,1,1
337,11,contextual,1,attention_v2,attention_v2,attention_v2,0.6147,0,0,0,1,1,1,1,1
338,11,feature,1,mlp,graph,mlp,0.7360,1,1,1,0,1,1,1,1
339,11,contextual,0,attention_v2,mlp,attention_v2,0.9662,1,0,1,0,0,0,1,1
340,11,contextual,1,attention_v2,mlp,attention_v2,1.0027,1,0,0,1,1,1,1,1
341,11,feature,1,mlp,graph,mlp,0.7322,1,1,1,0,1,1,1,1
342,11,relational,1,graph,mlp,graph,1.2948,1,1,0,1,1,1,1,1
343,11,relational,1,graph,attention_v2,graph,1.2177,1,0,1,0,0,0,0,1
344,11,contextual,0,attention_v2,graph,attention_v2,0.7855,1,0,1,0,0,0,1,1
345,11,feature,0,mlp,attention,attention_v2,0.7790,0,1,1,0,0,0,1,0
346,11,relational,0,graph,attention,graph,1.0072,1,0,0,0,0,0,1,1
347,11,contextual,1,attention_v2,attention_v2,attention_v2,0.9565,1,0,1,1,1,1,1,1
348,11,feature,0,mlp,mlp,attention,1.0025,0,1,0,1,0,0,1,0
349,11,relational,1,graph,attention,graph,0.9680,1,1,1,0,1,1,1,1
350,11,contextual,0,attention_v2,attention,attention_v2,0.6024,1,0,1,0,0,0,1,1
351,11,relational,0,graph,attention,graph,0.7369,1,0,1,1,0,0,1,1
352,11,contextual,0,attention_v2,mlp,attention_v2,0.8126,1,0,0,0,0,0,1,1
353,11,relational,1,graph,mlp,graph,1.1253,1,0,1,1,0,0,0,1
354,11,relational,1,graph,graph,graph,1.0988,1,1,1,0,1,1,1,1
355,11,contextual,0,attention_v2,graph,attention_v2,0.4771,1,0,1,0,0,0,1,1
356,11,feature,1,mlp,attention_v2,attention_v2,0.4769,1,1,1,1,1,1,1,0
357,11,contextual,0,attention_v2,attention_v2,attention_v2,0.7679,1,1,0,0,0,0,1,1
358,11,contextual,0,attention_v2,mlp,attention_v2,0.8089,1,0,1,0,0,0,1,1
359,11,feature,0,mlp,attention_v2,attention_v2,0.7702,0,1,1,0,0,0,1,0
360,11,feature,0,mlp,attention_v2,attention_v2,0.7677,0,1,1,0,0,0,1,0
361,11,feature,0,mlp,attention_v2,attention,1.0007,0,1,0,1,0,0,1,0
362,11,contextual,1,attention_v2,graph,attention_v2,0.7276,1,0,0,1,1,1,1,1
363,11,contextual,1,attention_v2,attention_v2,attention_v2,0.8932,1,0,0,1,1,1,1,1
364,11,relational,1,graph,mlp,graph,0.9208,1,1,1,0,1,1,1,1
365,11,relational,1,graph,attention,graph,1.0005,1,1,1,1,1,1,1,1
366,11,contextual,1,attention_v2,graph,attention_v2,0.6860,1,0,0,1,1,1,1,1
367,11,feature,1,mlp,attention_v2,mlp,0.7425,1,1,1,0,1,1,1,1
368,11,relational,1,graph,mlp,graph,1.1130,0,1,0,1,1,1,1,1
369,11,relational,1,graph,attention_v2,graph,1.2481,1,0,1,1,0,0,0,1
370,11,feature,1,mlp,attention_v2,attention_v2,0.4700,1,1,0,1,1,1,1,0
371,11,relational,1,graph,attention_v2,graph,1.1913,1,0,1,0,0,0,0,1
372,11,contextual,0,attention_v2,attention,attention_v2,0.4918,1,0,1,0,0,0,1,1
373,11,contextual,0,attention_v2,mlp,attention_v2,1.0644,1,0,1,0,0,0,1,1
374,11,contextual,1,attention_v2,graph,attention_v2,0.9291,1,1,0,1,1,1,1,1
375,11,contextual,1,attention_v2,attention,attention_v2,0.4968,1,0,0,1,1,1,1,1
376,11,feature,1,mlp,attention,attention_v2,0.4815,1,1,1,1,1,1,1,0
377,11,relational,0,graph,attention_v2,graph,1.1391,1,0,1,1,0,0,1,1
378,11,relational,1,graph,mlp,graph,1.1833,1,1,0,0,1,1,1,1
379,11,contextual,0,attention_v2,mlp,attention_v2,0.7944,1,0,1,0,0,0,1,1
380,11,contextual,0,attention_v2,attention,attention_v2,0.9373,1,0,1,0,0,0,1,1
381,11,relational,1,graph,attention,graph,0.9492,1,1,1,0,1,1,1,1
382,11,contextual,0,attention_v2,graph,attention_v2,0.9478,1,0,1,0,0,0,1,1
383,11,relational,1,graph,attention_v2,graph,1.0394,1,0,0,1,0,0,0,1
384,11,relational,1,graph,attention,graph,1.0585,1,0,0,1,0,0,0,1
385,11,contextual,0,attention_v2,attention,attention_v2,0.9003,1,0,1,0,0,0,1,1
386,11,feature,0,mlp,mlp,attention_v2,0.7718,0,1,1,0,0,0,1,0
387,11,contextual,1,attention_v2,attention_v2,attention_v2,0.5080,0,0,1,1,1,1,1,1
388,11,relational,1,graph,attention,graph,0.9018,1,1,1,1,1,1,1,1
389,11,contextual,1,attention_v2,attention,attention_v2,0.5999,1,0,1,1,1,1,1,1
390,11,relational,1,graph,attention,graph,1.2554,1,1,0,1,1,1,1,1
391,11,feature,1,mlp,attention_v2,mlp,0.7390,1,1,1,0,1,1,1,1
392,11,relational,0,graph,attention_v2,graph,1.1674,1,0,1,0,0,0,1,1
393,11,contextual,1,attention_v2,graph,attention_v2,1.1996,1,0,0,1,1,1,1,1
394,11,contextual,1,attention_v2,graph,attention_v2,0.7025,1,1,1,1,1,1,1,1
395,11,contextual,0,attention_v2,graph,attention_v2,0.4038,1,0,1,0,0,0,1,1
396,11,feature,1,mlp,graph,mlp,0.7298,1,1,1,0,1,1,1,1
397,11,feature,1,mlp,mlp,attention_v2,0.4794,1,1,0,1,1,1,1,0
398,11,relational,0,graph,graph,graph,0.4653,1,0,1,1,0,0,1,1
399,11,contextual,1,attention_v2,attention_v2,attention_v2,1.0626,1,0,0,1,1,1,1,1
400,11,feature,1,mlp,attention_v2,attention_v2,0.4820,1,1,0,1,1,1,1,0
401,11,relational,0,graph,mlp,graph,1.0873,1,0,1,1,0,0,1,1
402,11,contextual,0,attention_v2,attention_v2,attention_v2,0.5793,1,1,1,0,0,0,1,1
403,11,relational,1,graph,attention,graph,0.8410,1,1,1,0,1,1,1,1
404,11,feature,0,mlp,graph,attention,1.0093,0,1,0,1,0,0,1,0
405,11,contextual,0,attention_v2,mlp,attention_v2,0.7618,1,0,1,0,0,0,1,1
406,11,feature,1,mlp,attention_v2,attention_v2,0.4725,1,1,0,1,1,1,1,0
407,11,feature,1,mlp,attention_v2,mlp,0.7516,1,1,1,0,1,1,1,1
408,11,feature,0,mlp,graph,attention,1.0130,0,1,0,1,0,0,1,0
409,11,relational,1,graph,mlp,graph,1.0287,0,1,0,1,1,1,1,1
410,11,relational,1,graph,mlp,graph,1.1824,1,1,0,1,1,1,1,1
411,11,relational,1,graph,mlp,graph,1.1626,1,0,0,1,0,0,0,1
412,11,relational,1,graph,attention,graph,1.3134,1,1,0,1,1,1,1,1
413,11,feature,1,mlp,attention_v2,mlp,0.7427,1,1,1,0,1,1,1,1
414,11,feature,1,mlp,attention,attention_v2,0.4699,1,1,1,1,1,1,1,0
415,11,relational,1,graph,mlp,graph,0.9774,1,1,1,0,1,1,1,1
416,11,relational,1,graph,attention,graph,1.2018,1,0,0,1,0,0,0,1
417,11,feature,1,mlp,mlp,attention_v2,0.4678,1,1,1,1,1,1,1,0
418,11,feature,0,mlp,attention_v2,attention_v2,0.7629,0,1,1,0,0,0,1,0
419,11,relational,1,graph,attention_v2,graph,1.2045,1,0,1,0,0,0,0,1
420,11,relational,0,graph,mlp,graph,1.0278,1,0,1,0,0,0,1,1
421,11,feature,1,mlp,mlp,attention_v2,0.4733,1,1,0,1,1,1,1,0
422,11,contextual,0,attention_v2,attention,attention_v2,0.6344,1,0,1,0,0,0,1,1
423,11,relational,0,graph,graph,graph,0.8987,1,1,1,1,1,1,0,1
424,11,contextual,1,attention_v2,attention,attention_v2,0.6537,1,0,0,1,1,1,1,1
425,11,feature,1,mlp,graph,mlp,0.7382,1,1,1,0,1,1,1,1
426,11,feature,0,mlp,mlp,attention,1.0007,0,1,0,1,0,0,1,0
427,11,feature,1,mlp,attention,attention_v2,0.4724,1,1,0,1,1,1,1,0
428,11,feature,1,mlp,mlp,attention_v2,0.4556,1,1,0,1,1,1,1,0
429,11,feature,1,mlp,attention_v2,mlp,0.7286,1,1,1,0,1,1,1,1
430,11,relational,0,graph,attention_v2,graph,0.6295,1,0,1,0,0,0,1,1
431,11,feature,0,mlp,attention_v2,attention,1.0164,0,1,0,1,0,0,1,0
432,11,contextual,1,attention_v2,mlp,attention_v2,0.7206,1,0,0,1,1,1,1,1
433,11,relational,0,graph,graph,graph,0.8639,1,1,1,1,1,1,0,1
434,11,relational,1,graph,mlp,graph,1.1436,1,0,1,0,0,0,0,1
435,11,relational,1,graph,attention,graph,0.8125,0,1,0,1,1,1,1,1
436,11,relational,0,graph,graph,graph,0.9895,1,1,1,0,1,1,0,1
437,11,relational,1,graph,attention,graph,0.9267,1,1,1,1,1,1,1,1
438,11,contextual,1,attention_v2,attention_v2,attention_v2,0.4930,1,0,1,1,1,1,1,1
439,11,feature,1,mlp,attention_v2,mlp,0.7291,1,1,1,0,1,1,1,1
440,11,relational,0,graph,graph,graph,1.2140,1,0,1,0,0,0,1,1
441,11,relational,1,graph,attention,graph,1.3619,1,1,0,0,1,1,1,1
442,11,feature,1,mlp,graph,mlp,0.7267,1,1,1,0,1,1,1,1
443,11,feature,1,mlp,graph,attention_v2,0.4757,1,1,0,1,1,1,1,0
444,11,relational,0,graph,mlp,graph,1.2049,1,0,1,0,0,0,1,1
445,11,relational,0,graph,attention,graph,0.6706,1,0,0,0,0,0,1,1
446,11,contextual,0,attention_v2,graph,attention_v2,0.5988,1,0,1,0,0,0,1,1
447,11,feature,0,mlp,attention,attention,1.0188,0,1,0,1,0,0,1,0
448,11,feature,0,mlp,mlp,attention_v2,0.7707,0,1,1,0,0,0,1,0
449,11,relational,1,graph,attention_v2,graph,1.0095,1,1,0,1,1,1,1,1
450,11,relational,0,graph,attention_v2,graph,1.1265,1,0,1,0,0,0,1,1
451,11,feature,0,mlp,attention_v2,attention,1.0113,0,1,0,1,0,0,1,0
452,11,relational,0,graph,graph,graph,1.0261,1,0,1,0,0,0,1,1
453,11,contextual,1,attention_v2,attention_v2,attention_v2,1.1705,1,0,1,1,1,1,1,1
454,11,relational,1,graph,graph,graph,1.1950,1,1,1,0,1,1,1,1
455,11,feature,1,mlp,mlp,attention_v2,0.4686,1,1,1,1,1,1,1,0
456,11,contextual,0,attention_v2,mlp,attention_v2,1.1253,1,0,1,0,0,0,1,1
457,11,relational,0,graph,mlp,graph,0.8733,1,1,1,0,1,1,0,1
458,11,relational,0,graph,graph,graph,1.1620,1,0,1,0,0,0,1,1
459,11,relational,1,graph,attention_v2,graph,1.2827,1,1,0,0,1,1,1,1
460,11,contextual,1,attention_v2,attention,attention_v2,0.7266,1,0,1,1,1,1,1,1
461,11,feature,0,mlp,graph,attention,1.0247,0,1,0,1,0,0,1,0
462,11,relational,0,graph,mlp,graph,1.2258,1,0,1,1,0,0,1,1
463,11,feature,0,mlp,mlp,attention,1.0083,0,1,0,1,0,0,1,0
464,11,contextual,1,attention_v2,attention,attention_v2,0.5957,1,0,1,1,1,1,1,1
465,11,relational,1,graph,attention,graph,1.1846,1,1,1,0,1,1,1,1
466,11,relational,0,graph,mlp,graph,0.6545,1,1,0,1,1,1,0,1
467,11,contextual,1,attention_v2,attention,attention_v2,1.2654,1,0,0,1,1,1,1,1
468,11,contextual,0,attention_v2,mlp,attention_v2,0.2726,0,0,1,0,0,0,1,1
469,11,contextual,0,attention_v2,graph,attention_v2,0.6983,1,0,1,0,0,0,1,1
470,11,contextual,0,attention_v2,mlp,attention_v2,0.8447,1,0,0,0,0,0,1,1
471,11,feature,0,mlp,attention_v2,attention,1.0048,0,1,0,1,0,0,1,0
472,11,feature,1,mlp,attention_v2,attention_v2,0.4712,1,1,0,1,1,1,1,0
473,11,relational,0,graph,attention_v2,graph,0.7000,1,1,0,1,1,1,0,1
474,11,feature,0,mlp,attention_v2,attention,1.0091,0,1,0,1,0,0,1,0
475,11,contextual,1,attention_v2,graph,attention_v2,0.6458,1,0,0,1,1,1,1,1
476,11,relational,1,graph,attention,graph,0.7248,1,1,1,1,1,1,1,1
477,11,relational,1,graph,attention,graph,0.9039,1,1,1,0,1,1,1,1
478,11,contextual,0,attention_v2,attention,attention_v2,0.6360,1,0,1,0,0,0,1,1
479,11,contextual,0,attention_v2,graph,attention_v2,0.6825,1,0,1,0,0,0,1,1
480,11,contextual,0,attention_v2,attention_v2,attention_v2,0.4692,1,0,0,0,0,0,1,1
481,11,contextual,0,attention_v2,mlp,attention_v2,0.7380,1,0,1,0,0,0,1,1
482,11,relational,1,graph,attention,graph,1.1260,1,1,1,1,1,1,1,1
483,11,relational,1,graph,attention_v2,graph,0.9906,1,1,1,0,1,1,1,1
484,11,relational,1,graph,attention,graph,1.2103,1,0,0,1,0,0,0,1
485,11,contextual,0,attention_v2,attention_v2,attention_v2,1.0334,1,0,0,0,0,0,1,1
486,11,feature,0,mlp,attention,attention,1.0043,0,1,0,1,0,0,1,0
487,11,relational,1,graph,attention,graph,1.0894,1,1,1,1,1,1,1,1
488,11,relational,0,graph,attention,graph,1.2097,1,1,0,1,1,1,0,1
489,11,relational,0,graph,graph,graph,1.0098,1,0,1,1,0,0,1,1
490,11,relational,0,graph,graph,graph,1.1014,1,0,0,0,0,0,1,1
491,11,relational,0,graph,graph,graph,0.8531,1,0,1,0,0,0,1,1
492,11,relational,0,graph,graph,graph,1.2602,1,0,1,1,0,0,1,1
493,11,contextual,1,attention_v2,mlp,attention_v2,0.8602,1,0,1,1,1,1,1,1
494,11,feature,1,mlp,attention_v2,mlp,0.7307,1,1,1,0,1,1,1,1
495,11,contextual,0,attention_v2,attention_v2,attention_v2,0.6148,1,0,0,0,0,0,1,1
496,11,feature,0,mlp,attention,attention,1.0069,0,1,0,1,0,0,1,0
497,11,contextual,1,attention_v2,mlp,attention_v2,0.8679,1,1,1,1,1,1,1,1
498,11,relational,0,graph,attention_v2,graph,0.8609,1,0,0,1,0,0,1,1
499,11,feature,1,mlp,attention,attention_v2,0.4868,1,1,0,1,1,1,1,0
500,11,relational,1,graph,attention,graph,0.8657,1,1,1,0,1,1,1,1
501,11,feature,1,mlp,attention_v2,attention_v2,0.4661,1,1,0,1,1,1,1,0
502,11,feature,0,mlp,graph,attention,1.0078,0,1,0,1,0,0,1,0
503,11,relational,1,graph,graph,graph,1.2172,0,1,0,1,1,1,1,1
504,11,contextual,1,attention_v2,graph,attention_v2,0.9528,1,0,1,1,1,1,1,1
505,11,contextual,0,attention_v2,graph,attention_v2,0.3957,1,0,1,0,0,0,1,1
506,11,feature,1,mlp,attention_v2,attention_v2,0.4707,1,1,0,1,1,1,1,0
507,11,contextual,0,attention_v2,mlp,attention_v2,0.7675,1,0,1,0,0,0,1,1
508,11,relational,1,graph,graph,graph,1.0253,1,1,1,0,1,1,1,1
509,11,feature,0,mlp,attention,attention_v2,0.7792,0,1,1,0,0,0,1,0
510,11,contextual,1,attention_v2,attention,attention_v2,0.9984,1,1,1,1,1,1,1,1
511,11,relational,0,graph,attention,graph,1.2782,1,0,1,1,0,0,1,1
512,11,feature,0,mlp,graph,attention,1.0138,0,1,0,1,0,0,1,0
513,11,relational,1,graph,attention_v2,graph,1.2700,0,1,0,1,1,1,1,1
514,11,contextual,0,attention_v2,attention,attention_v2,0.5867,0,1,0,0,0,0,1,1
515,11,contextual,1,attention_v2,mlp,attention_v2,1.0756,1,0,0,1,1,1,1,1
516,11,contextual,1,attention_v2,graph,attention_v2,0.7288,1,0,0,1,1,1,1,1
517,11,relational,1,graph,mlp,graph,1.0017,1,1,0,1,1,1,1,1
518,11,contextual,1,attention_v2,attention,attention_v2,0.5041,1,0,1,1,1,1,1,1
519,11,feature,0,mlp,mlp,attention,1.0061,0,1,0,1,0,0,1,0
520,11,feature,0,mlp,graph,attention,1.0140,0,1,0,1,0,0,1,0
521,11,relational,1,graph,attention,graph,1.1769,1,1,1,1,1,1,1,1
522,11,relational,1,graph,mlp,graph,1.0157,1,1,1,0,1,1,1,1
523,11,contextual,0,attention_v2,graph,attention_v2,0.8700,1,0,0,0,0,0,1,1
524,11,relational,0,graph,graph,graph,0.9692,1,0,1,1,0,0,1,1
525,11,feature,1,mlp,attention_v2,attention_v2,0.4854,1,1,0,1,1,1,1,0
526,11,feature,1,mlp,graph,attention_v2,0.4841,1,1,0,1,1,1,1,0
527,11,feature,1,mlp,attention_v2,attention_v2,0.4837,1,1,0,1,1,1,1,0
528,11,contextual,1,attention_v2,mlp,attention_v2,0.7872,1,0,0,1,1,1,1,1
529,11,relational,1,graph,attention,graph,1.1701,1,1,1,0,1,1,1,1
530,11,relational,0,graph,mlp,graph,1.1460,1,0,1,1,0,0,1,1
531,11,feature,1,mlp,attention,mlp,0.7355,1,1,1,0,1,1,1,1
532,11,contextual,1,attention_v2,attention_v2,attention_v2,0.4889,1,0,1,1,1,1,1,1
533,11,feature,0,mlp,graph,attention_v2,0.7852,0,1,1,0,0,0,1,0
534,11,contextual,0,attention_v2,mlp,attention_v2,1.0104,1,0,1,0,0,0,1,1
535,11,relational,0,graph,mlp,graph,1.0201,1,0,1,0,0,0,1,1
536,11,contextual,0,attention_v2,attention_v2,attention_v2,0.8284,1,0,1,0,0,0,1,1
537,11,feature,0,mlp,attention_v2,attention_v2,0.7812,0,1,1,0,0,0,1,0
538,11,feature,0,mlp,graph,attention_v2,0.7839,0,1,1,0,0,0,1,0
539,11,contextual,0,attention_v2,attention_v2,attention_v2,0.9893,1,1,0,0,0,0,1,1
540,11,relational,0,graph,attention,graph,1.0302,1,0,0,0,0,0,1,1
541,11,relational,1,graph,mlp,graph,0.7644,1,1,1,0,1,1,1,1
542,11,feature,0,mlp,mlp,attention,1.0182,0,1,0,1,0,0,1,0
543,11,contextual,1,attention_v2,mlp,attention_v2,0.7370,1,0,1,1,1,1,1,1
544,11,contextual,0,attention_v2,mlp,attention_v2,0.7129,1,1,1,0,0,0,1,1
545,11,feature,1,mlp,attention_v2,attention_v2,0.4787,1,1,0,1,1,1,1,0
546,11,feature,1,mlp,attention_v2,attention_v2,0.4680,1,1,0,1,1,1,1,0
547,11,relational,1,graph,attention,graph,1.2956,1,0,1,1,0,0,0,1
548,11,feature,0,mlp,graph,attention_v2,0.7676,0,1,1,0,0,0,1,0
549,11,feature,1,mlp,attention_v2,attention_v2,0.4771,1,1,0,1,1,1,1,0
550,11,feature,0,mlp,mlp,attention_v2,0.7641,0,1,1,0,0,0,1,0
551,11,contextual,0,attention_v2,graph,attention_v2,0.7338,1,0,1,0,0,0,1,1
552,11,feature,1,mlp,attention,mlp,0.7316,1,1,1,0,1,1,1,1
553,11,contextual,1,attention_v2,attention,attention_v2,1.0941,1,0,1,1,1,1,1,1
554,11,relational,0,graph,attention,graph,1.0359,1,1,1,1,1,1,0,1
555,11,feature,0,mlp,graph,attention_v2,0.7731,0,1,1,0,0,0,1,0
556,11,feature,0,mlp,attention,attention_v2,0.7724,0,1,1,0,0,0,1,0
557,11,contextual,1,attention_v2,attention,attention_v2,0.5344,1,0,1,1,1,1,1,1
558,11,feature,0,mlp,graph,attention,1.0022,0,1,0,1,0,0,1,0
559,11,contextual,0,attention_v2,attention,attention_v2,1.0985,1,0,1,0,0,0,1,1
560,11,relational,0,graph,attention,graph,1.1751,1,1,1,1,1,1,0,1
561,11,feature,0,mlp,graph,attention,1.0160,0,1,0,1,0,0,1,0
562,11,contextual,1,attention_v2,attention,attention_v2,0.8379,1,0,1,1,1,1,1,1
563,11,feature,0,mlp,graph,attention_v2,0.7841,0,1,1,0,0,0,1,0
564,11,contextual,0,attention_v2,attention,attention_v2,0.7864,1,0,1,0,0,0,1,1
565,11,contextual,1,attention_v2,mlp,attention_v2,0.5156,1,0,1,1,1,1,1,1
566,11,relational,0,graph,attention_v2,graph,1.2609,1,0,1,1,0,0,1,1
567,11,feature,0,mlp,attention_v2,attention,1.0105,0,1,0,1,0,0,1,0
568,11,contextual,1,attention_v2,graph,attention_v2,0.7073,1,0,0,1,1,1,1,1
569,11,contextual,0,attention_v2,mlp,attention_v2,0.8298,0,0,0,0,0,0,1,1
570,11,feature,0,mlp,attention,attention,1.0054,0,1,0,1,0,0,1,0
571,11,relational,1,graph,graph,graph,0.9963,1,1,0,1,1,1,1,1
572,11,contextual,0,attention_v2,attention_v2,attention_v2,0.4772,0,1,1,0,0,0,1,1
573,11,feature,1,mlp,attention,mlp,0.7353,1,1,1,0,1,1,1,1
574,11,contextual,0,attention_v2,attention_v2,attention_v2,0.7214,1,0,0,0,0,0,1,1
575,11,feature,1,mlp,attention,attention_v2,0.4796,1,1,1,1,1,1,1,0
576,11,feature,1,mlp,attention_v2,attention_v2,0.4753,1,1,1,1,1,1,1,0
577,11,contextual,0,attention_v2,attention,attention_v2,0.6565,1,0,1,0,0,0,1,1
578,11,relational,0,graph,attention,graph,1.0942,1,1,1,0,1,1,0,1
579,11,relational,0,graph,mlp,graph,0.9591,1,0,1,1,0,0,1,1
580,11,contextual,1,attention_v2,attention_v2,attention_v2,0.6005,1,0,1,1,1,1,1,1
581,11,contextual,0,attention_v2,graph,attention_v2,0.8754,1,0,0,0,0,0,1,1
582,11,contextual,1,attention_v2,attention,attention_v2,0.5555,1,0,1,1,1,1,1,1
583,11,relational,1,graph,attention_v2,graph,0.6464,1,1,0,1,1,1,1,1
584,11,contextual,1,attention_v2,attention,attention_v2,1.1842,1,0,0,1,1,1,1,1
585,11,relational,1,graph,mlp,graph,1.1910,1,0,1,1,0,0,0,1
586,11,contextual,0,attention_v2,mlp,attention_v2,0.6024,1,0,1,0,0,0,1,1
587,11,feature,1,mlp,attention,attention_v2,0.4682,1,1,1,1,1,1,1,0
588,11,feature,1,mlp,graph,attention_v2,0.4685,1,1,1,1,1,1,1,0
589,11,feature,1,mlp,attention,attention_v2,0.4615,1,1,0,1,1,1,1,0
590,11,feature,1,mlp,attention_v2,mlp,0.7412,1,1,1,0,1,1,1,1
591,11,feature,0,mlp,attention_v2,attention,1.0098,0,1,0,1,0,0,1,0
592,11,feature,0,mlp,attention,attention,1.0080,0,1,0,1,0,0,1,0
593,11,relational,1,graph,graph,graph,1.1142,1,1,1,0,1,1,1,1
594,11,contextual,1,attention_v2,attention_v2,attention_v2,0.9508,1,0,0,1,1,1,1,1
595,11,relational,1,graph,mlp,graph,0.8077,1,1,0,1,1,1,1,1
596,11,relational,1,graph,mlp,graph,1.2274,1,0,1,0,0,0,0,1
597,11,relational,0,graph,attention_v2,graph,1.1409,1,0,1,0,0,0,1,1
598,11,feature,1,mlp,attention,mlp,0.7311,1,1,1,0,1,1,1,1
599,11,feature,1,mlp,graph,attention_v2,0.4819,1,1,0,1,1,1,1,0
600,11,relational,1,graph,attention,graph,1.3140,1,0,1,0,0,0,0,1
601,11,relational,0,graph,graph,graph,1.2547,1,0,1,1,0,0,1,1
602,11,relational,1,graph,graph,graph,1.2434,1,0,1,0,0,0,0,1
603,11,feature,0,mlp,attention,attention_v2,0.7612,0,1,1,0,0,0,1,0
604,11,feature,0,mlp,graph,attention,1.0092,0,1,0,1,0,0,1,0
605,11,contextual,1,attention_v2,attention_v2,attention_v2,0.5325,1,0,1,1,1,1,1,1
606,11,relational,1,graph,graph,graph,1.2288,1,1,0,0,1,1,1,1
607,11,relational,0,graph,graph,graph,1.0537,1,1,1,0,1,1,0,1
608,11,contextual,1,attention_v2,graph,attention_v2,0.6774,1,0,1,1,1,1,1,1
609,11,contextual,1,attention_v2,mlp,attention_v2,0.9016,1,0,1,1,1,1,1,1
610,11,contextual,0,attention_v2,attention,attention_v2,0.7864,1,0,1,0,0,0,1,1
611,11,relational,1,graph,attention,graph,1.1451,1,0,1,0,0,0,0,1
612,11,relational,1,graph,attention,graph,1.2798,1,1,0,1,1,1,1,1
613,11,feature,0,mlp,graph,attention,1.0074,0,1,0,1,0,0,1,0
614,11,relational,1,graph,attention_v2,graph,1.1812,1,0,1,1,0,0,0,1
615,11,relational,0,graph,mlp,graph,0.7029,1,1,1,0,1,1,0,1
616,11,relational,0,graph,graph,graph,0.7085,1,0,1,1,0,0,1,1
617,11,contextual,1,attention_v2,attention,attention_v2,0.7478,1,0,1,1,1,1,1,1
618,11,relational,0,graph,graph,graph,0.8477,1,0,1,0,0,0,1,1
619,11,relational,0,graph,graph,graph,1.0528,1,0,1,0,0,0,1,1
620,11,contextual,0,attention_v2,attention,attention_v2,0.6687,1,0,1,0,0,0,1,1
621,11,feature,0,mlp,graph,attention_v2,0.7746,0,1,1,0,0,0,1,0
622,11,feature,1,mlp,graph,mlp,0.7335,1,1,1,0,1,1,1,1
623,11,contextual,1,attention_v2,graph,attention_v2,0.5669,1,0,1,1,1,1,1,1
624,11,contextual,1,attention_v2,graph,attention_v2,1.0750,1,0,1,1,1,1,1,1
625,11,relational,1,graph,mlp,graph,0.9127,1,1,1,0,1,1,1,1
626,11,relational,0,graph,graph,graph,1.1406,1,1,0,1,1,1,0,1
627,11,relational,1,graph,attention,graph,1.0681,1,0,0,1,0,0,0,1
628,11,relational,0,graph,attention,graph,1.1309,1,1,1,0,1,1,0,1
629,11,feature,1,mlp,attention,mlp,0.7225,1,1,1,0,1,1,1,1
630,11,contextual,1,attention_v2,attention,attention_v2,0.8340,1,0,0,1,1,1,1,1
631,11,contextual,0,attention_v2,attention_v2,attention_v2,0.8624,1,0,0,0,0,0,1,1
632,11,contextual,1,attention_v2,graph,attention_v2,0.7294,1,0,1,1,1,1,1,1
633,11,contextual,0,attention_v2,attention_v2,attention_v2,0.5206,1,0,1,0,0,0,1,1
634,11,contextual,1,attention_v2,mlp,attention_v2,0.7220,1,0,1,1,1,1,1,1
635,11,feature,0,mlp,attention_v2,attention,1.0070,0,1,0,1,0,0,1,0
636,11,contextual,1,attention_v2,attention_v2,attention_v2,0.7369,1,0,1,1,1,1,1,1
637,11,relational,0,graph,attention,graph,0.8497,1,0,1,0,0,0,1,1
638,11,contextual,0,attention_v2,graph,attention_v2,0.8639,1,0,1,0,0,0,1,1
639,11,contextual,0,attention_v2,attention_v2,attention_v2,1.1984,1,0,1,0,0,0,1,1
640,11,feature,0,mlp,attention_v2,attention_v2,0.7572,0,1,1,0,0,0,1,0
641,11,contextual,1,attention_v2,mlp,attention_v2,0.7749,1,0,1,1,1,1,1,1
642,11,feature,1,mlp,attention_v2,mlp,0.7271,1,1,1,0,1,1,1,1
643,11,relational,1,graph,graph,graph,1.0583,1,1,1,1,1,1,1,1
644,11,contextual,0,attention_v2,graph,attention_v2,0.5189,1,0,1,0,0,0,1,1
645,11,contextual,0,attention_v2,attention_v2,attention_v2,0.7897,0,1,0,0,0,0,1,1
646,11,relational,0,graph,attention_v2,graph,1.1595,1,0,1,1,0,0,1,1
647,11,feature,1,mlp,mlp,mlp,0.7407,1,1,1,0,1,1,1,1
648,11,contextual,0,attention_v2,attention_v2,attention_v2,0.8372,1,0,1,0,0,0,1,1
649,11,relational,1,graph,mlp,graph,1.1112,1,1,0,1,1,1,1,1
650,11,relational,0,graph,graph,graph,1.0912,1,0,1,1,0,0,1,1
651,11,contextual,0,attention_v2,mlp,attention_v2,0.9239,1,0,1,0,0,0,1,1
652,11,relational,0,graph,attention,graph,0.8106,1,1,1,0,1,1,0,1
653,11,relational,0,graph,graph,graph,0.8070,1,0,0,1,0,0,1,1
654,11,relational,0,graph,mlp,graph,0.8691,1,0,1,1,0,0,1,1
655,11,relational,0,graph,attention_v2,graph,0.8411,1,1,1,1,1,1,0,1
656,11,relational,0,graph,attention,graph,1.0491,1,0,1,0,0,0,1,1
657,11,relational,0,graph,attention_v2,graph,0.9896,1,1,0,1,1,1,0,1
658,11,relational,0,graph,mlp,graph,1.0312,1,0,0,1,0,0,1,1
659,11,contextual,1,attention_v2,mlp,attention_v2,0.4777,1,0,1,1,1,1,1,1
660,11,relational,0,graph,mlp,graph,0.9007,1,0,1,1,0,0,1,1
661,11,feature,0,mlp,graph,attention_v2,0.7702,0,1,1,0,0,0,1,0
662,11,contextual,0,attention_v2,mlp,attention_v2,0.7260,0,0,0,0,0,0,1,1
663,11,contextual,1,attention_v2,attention,attention_v2,1.0058,0,0,0,1,1,1,1,1
664,11,feature,0,mlp,attention,attention_v2,0.7757,0,1,1,0,0,0,1,0
665,11,feature,0,mlp,attention_v2,attention_v2,0.7941,0,1,1,0,0,0,1,0
666,11,relational,0,graph,mlp,graph,1.1512,1,1,1,0,1,1,0,1
667,11,contextual,0,attention_v2,mlp,attention_v2,0.3980,0,0,0,0,0,0,1,1
668,11,contextual,1,attention_v2,graph,attention_v2,0.5930,1,0,0,1,1,1,1,1
669,11,relational,1,graph,graph,graph,0.7962,1,1,1,1,1,1,1,1
670,11,feature,1,mlp,attention,mlp,0.7381,1,1,1,0,1,1,1,1
671,11,contextual,0,attention_v2,mlp,attention_v2,0.3581,1,0,1,0,0,0,1,1
672,11,contextual,0,attention_v2,attention,attention_v2,0.8304,1,0,0,0,0,0,1,1
673,11,contextual,0,attention_v2,attention_v2,attention_v2,0.6246,1,1,1,0,0,0,1,1
674,11,relational,1,graph,graph,graph,1.2159,1,0,1,1,0,0,0,1
675,11,relational,0,graph,graph,graph,1.0334,1,0,1,1,0,0,1,1
676,11,contextual,1,attention_v2,graph,attention_v2,0.8355,1,0,0,1,1,1,1,1
677,11,feature,1,mlp,attention_v2,mlp,0.7301,1,1,1,0,1,1,1,1
678,11,contextual,1,attention_v2,graph,attention_v2,0.9069,1,0,1,1,1,1,1,1
679,11,feature,1,mlp,graph,attention_v2,0.4647,1,1,0,1,1,1,1,0
680,11,contextual,0,attention_v2,attention,attention_v2,0.8674,1,0,1,0,0,0,1,1
681,11,feature,0,mlp,mlp,attention_v2,0.7853,0,1,1,0,0,0,1,0
682,11,relational,0,graph,graph,graph,1.2251,1,0,1,1,0,0,1,1
683,11,feature,1,mlp,graph,attention_v2,0.4682,1,1,0,1,1,1,1,0
684,11,relational,1,graph,attention_v2,graph,1.0536,1,1,1,0,1,1,1,1
685,11,contextual,0,attention_v2,graph,attention_v2,0.4851,0,0,0,0,0,0,1,1
686,11,contextual,0,attention_v2,graph,attention_v2,0.8910,1,0,0,0,0,0,1,1
687,11,contextual,0,attention_v2,graph,attention_v2,0.9666,1,0,0,0,0,0,1,1
688,11,feature,0,mlp,graph,attention,0.9979,0,1,0,1,0,0,1,0
689,11,feature,1,mlp,attention,attention_v2,0.4778,1,1,0,1,1,1,1,0
690,11,contextual,1,attention_v2,attention_v2,attention_v2,1.0274,1,0,0,1,1,1,1,1
691,11,relational,1,graph,graph,graph,1.1737,1,1,1,0,1,1,1,1
692,11,contextual,1,attention_v2,attention_v2,attention_v2,0.4848,1,0,1,1,1,1,1,1
693,11,contextual,1,attention_v2,graph,attention_v2,0.8245,1,0,1,1,1,1,1,1
694,11,feature,0,mlp,mlp,attention,1.0159,0,1,0,1,0,0,1,0
695,11,contextual,1,attention_v2,graph,attention_v2,0.6120,1,0,0,1,1,1,1,1
696,11,relational,0,graph,attention_v2,graph,0.6625,1,0,1,0,0,0,1,1
697,11,contextual,0,attention_v2,attention,attention_v2,0.4815,1,0,1,0,0,0,1,1
698,11,feature,1,mlp,attention_v2,mlp,0.7226,1,1,1,0,1,1,1,1
699,11,feature,1,mlp,attention_v2,mlp,0.7424,1,1,1,0,1,1,1,1
700,11,feature,0,mlp,graph,attention,0.9974,0,1,0,1,0,0,1,0
701,11,feature,0,mlp,graph,attention,1.0210,0,1,0,1,0,0,1,0
702,11,contextual,0,attention_v2,mlp,attention_v2,0.5042,1,0,1,0,0,0,1,1
703,11,contextual,0,attention_v2,graph,attention_v2,0.4916,1,0,1,0,0,0,1,1
704,11,feature,0,mlp,graph,attention_v2,0.7818,0,1,1,0,0,0,1,0
705,11,relational,0,graph,graph,graph,0.9572,1,0,1,1,0,0,1,1
706,11,relational,1,graph,mlp,graph,1.0448,1,1,1,1,1,1,1,1
707,11,relational,0,graph,mlp,graph,1.1852,1,0,0,0,0,0,1,1
708,11,contextual,1,attention_v2,attention,attention_v2,0.5051,1,0,1,1,1,1,1,1
709,11,relational,1,graph,attention,graph,0.8170,1,1,1,1,1,1,1,1
710,11,relational,0,graph,attention,graph,0.7993,1,1,1,1,1,1,0,1
711,11,contextual,0,attention_v2,graph,attention_v2,1.0675,1,0,1,0,0,0,1,1
712,11,contextual,1,attention_v2,graph,attention_v2,1.0259,1,0,1,1,1,1,1,1
713,11,relational,0,graph,attention_v2,graph,1.0071,1,0,1,1,0,0,1,1
714,11,contextual,0,attention_v2,attention,attention_v2,0.6701,1,0,0,0,0,0,1,1
715,11,relational,0,graph,mlp,graph,1.1618,1,0,1,0,0,0,1,1
716,11,relational,0,graph,attention_v2,graph,0.8881,1,1,1,0,1,1,0,1
717,11,feature,1,mlp,graph,mlp,0.7264,1,1,1,0,1,1,1,1
718,11,feature,0,mlp,mlp,attention,1.0144,0,1,0,1,0,0,1,0
719,11,feature,0,mlp,graph,attention,1.0056,0,1,0,1,0,0,1,0
0,23,contextual,1,attention_v2,graph,attention_v2,0.0461,0,0,0,1,1,1,1,1
1,23,relational,0,graph,attention_v2,graph,0.3665,0,0,0,1,0,0,1,1
2,23,feature,1,mlp,mlp,mlp,0.3961,1,1,0,0,1,1,1,1
3,23,feature,1,mlp,mlp,mlp,0.3815,1,1,0,0,1,1,1,1
4,23,contextual,0,attention_v2,attention,attention_v2,0.0759,0,1,1,0,0,0,1,1
5,23,relational,0,graph,attention,graph,0.3220,0,0,1,0,0,0,1,1
6,23,relational,1,graph,attention,graph,0.6032,0,0,0,0,0,0,0,1
7,23,relational,1,graph,graph,graph,0.6097,0,0,1,0,0,0,0,1
8,23,feature,1,mlp,attention_v2,mlp,0.2349,1,1,1,1,1,1,1,1
9,23,contextual,0,attention_v2,attention,attention_v2,0.0758,0,0,1,0,0,0,1,1
10,23,feature,1,mlp,attention,mlp,0.2222,1,1,1,1,1,1,1,1
11,23,contextual,0,attention_v2,mlp,attention_v2,0.0551,0,1,1,0,0,0,1,1
12,23,feature,0,mlp,graph,mlp,0.2544,0,1,0,0,0,0,1,1
13,23,relational,0,graph,attention_v2,graph,0.6971,0,0,0,0,0,0,1,1
14,23,contextual,1,attention_v2,mlp,attention_v2,0.0833,0,0,0,1,1,1,1,1
15,23,contextual,0,attention_v2,attention_v2,attention_v2,0.0386,0,0,0,0,0,0,1,1
16,23,relational,1,graph,graph,graph,0.4072,0,0,0,1,0,0,0,1
17,23,contextual,1,attention_v2,attention,attention_v2,0.0447,0,0,1,1,1,1,1,1
18,23,relational,0,graph,graph,graph,0.4666,0,0,1,1,0,0,1,1
19,23,feature,0,mlp,attention_v2,mlp,0.2506,0,1,0,0,0,0,1,1
20,23,relational,1,graph,graph,graph,0.6818,0,0,0,0,0,0,0,1
21,23,relational,1,graph,mlp,graph,0.2226,0,1,0,0,1,1,1,1
22,23,feature,0,mlp,mlp,mlp,0.2494,0,1,0,0,0,0,1,1
23,23,feature,0,mlp,attention,mlp,0.3722,0,1,1,0,0,0,1,1
24,23,relational,0,graph,mlp,graph,0.3826,0,1,1,0,1,1,0,1
25,23,contextual,0,attention_v2,attention_v2,attention_v2,0.0475,0,0,0,0,0,0,1,1
26,23,relational,0,graph,graph,graph,0.4262,0,0,1,0,0,0,1,1
27,23,contextual,0,attention_v2,graph,attention_v2,0.0505,0,0,1,0,0,0,1,1
28,23,relational,0,graph,attention,graph,0.3831,0,0,0,0,0,0,1,1
29,23,feature,0,mlp,mlp,mlp,0.2583,0,1,0,0,0,0,1,1
30,23,contextual,0,attention_v2,attention_v2,attention_v2,0.0622,0,0,0,0,0,0,1,1
31,23,relational,1,graph,graph,graph,0.4941,0,1,1,1,1,1,1,1
32,23,feature,1,mlp,attention,mlp,0.2322,1,1,1,1,1,1,1,1
33,23,relational,1,graph,attention,graph,0.5801,0,1,1,1,1,1,1,1
34,23,relational,1,graph,mlp,graph,0.4960,0,1,1,1,1,1,1,1
35,23,contextual,1,attention_v2,attention_v2,attention_v2,0.0709,0,0,0,1,1,1,1,1
36,23,contextual,1,attention_v2,attention,attention_v2,0.0847,0,0,0,1,1,1,1,1
37,23,relational,1,graph,attention_v2,graph,0.5098,0,0,0,0,0,0,0,1
38,23,contextual,1,attention_v2,attention,attention_v2,0.0499,0,0,1,1,1,1,1,1
39,23,contextual,0,attention_v2,mlp,attention_v2,0.0470,0,0,0,0,0,0,1,1
40,23,contextual,0,attention_v2,graph,attention_v2,0.0749,0,0,1,0,0,0,1,1
41,23,feature,0,mlp,graph,mlp,0.2487,0,1,0,0,0,0,1,1
42,23,contextual,0,attention_v2,attention,attention_v2,0.0469,0,0,1,0,0,0,1,1
43,23,relational,0,graph,attention_v2,graph,0.5003,0,0,0,0,0,0,1,1
44,23,relational,0,graph,attention,graph,0.6707,0,0,0,0,0,0,1,1
45,23,contextual,1,attention_v2,attention_v2,attention_v2,0.0509,0,0,1,1,1,1,1,1
46,23,feature,0,mlp,attention,mlp,0.2510,0,1,0,0,0,0,1,1
47,23,relational,0,graph,graph,graph,0.4728,0,0,0,1,0,0,1,1
48,23,contextual,0,attention_v2,attention,attention_v2,0.0491,0,0,0,0,0,0,1,1
49,23,relational,1,graph,mlp,graph,0.4615,0,1,1,1,1,1,1,1
50,23,relational,1,graph,graph,graph,0.8010,0,0,1,0,0,0,0,1
51,23,contextual,0,attention_v2,attention,attention_v2,0.0796,0,1,0,0,0,0,1,1
52,23,relational,1,graph,attention,graph,0.4876,0,1,0,0,1,1,1,1
53,23,relational,1,graph,attention_v2,graph,0.6103,0,1,0,0,1,1,1,1
54,23,relational,1,graph,attention,graph,0.7254,0,0,0,1,0,0,0,1
55,23,relational,1,graph,attention_v2,graph,0.3593,0,1,1,0,1,1,1,1
56,23,relational,0,graph,mlp,graph,0.7655,0,0,1,1,0,0,1,1
57,23,relational,1,graph,graph,graph,0.1604,0,1,1,0,1,1,1,1
58,23,feature,0,mlp,graph,mlp,0.3571,0,1,1,1,0,0,1,1
59,23,contextual,0,attention_v2,attention_v2,attention_v2,0.0514,0,0,0,0,0,0,1,1
60,23,feature,1,mlp,attention_v2,mlp,0.2262,1,1,1,1,1,1,1,1
61,23,contextual,0,attention_v2,mlp,attention_v2,0.0676,1,1,1,0,0,0,1,1
62,23,feature,0,mlp,mlp,mlp,0.3593,0,1,1,0,0,0,1,1
63,23,contextual,0,attention_v2,graph,attention_v2,0.0454,0,0,0,0,0,0,1,1
64,23,relational,1,graph,mlp,graph,0.5898,0,0,1,0,0,0,0,1
65,23,feature,0,mlp,mlp,mlp,0.2518,0,1,0,0,0,0,1,1
66,23,contextual,0,attention_v2,mlp,attention_v2,0.0298,0,0,1,0,0,0,1,1
67,23,feature,0,mlp,attention,mlp,0.3633,0,1,1,1,0,0,1,1
68,23,relational,0,graph,attention_v2,graph,0.1820,0,0,1,1,0,0,1,1
69,23,contextual,0,attention_v2,attention_v2,attention_v2,0.0456,0,0,0,0,0,0,1,1
70,23,contextual,0,attention_v2,attention_v2,attention_v2,0.0746,0,1,1,0,0,0,1,1
71,23,relational,0,graph,graph,graph,0.2951,0,0,0,0,0,0,1,1
72,23,feature,0,mlp,graph,mlp,0.2514,0,1,0,0,0,0,1,1
73,23,contextual,1,attention_v2,attention_v2,attention_v2,0.0621,0,1,1,1,1,1,1,1
74,23,contextual,0,attention_v2,graph,attention_v2,0.0478,0,0,1,0,0,0,1,1
75,23,relational,0,graph,graph,graph,0.4478,0,0,0,0,0,0,1,1
76,23,feature,1,mlp,attention,mlp,0.2322,1,1,1,1,1,1,1,1
77,23,relational,0,graph,attention,graph,0.3751,0,0,0,0,0,0,1,1
78,23,contextual,0,attention_v2,attention,attention_v2,0.0459,0,0,0,0,0,0,1,1
79,23,feature,0,mlp,graph,mlp,0.3726,0,1,1,1,0,0,1,1
80,23,feature,0,mlp,attention_v2,mlp,0.2585,0,1,0,0,0,0,1,1
81,23,relational,1,graph,graph,graph,0.3550,0,1,0,1,1,1,1,1
82,23,relational,1,graph,graph,mlp,0.7608,0,1,0,0,0,1,0,0
83,23,relational,1,graph,mlp,graph,0.7543,0,1,1,1,1,1,1,1
84,23,contextual,1,attention_v2,attention_v2,attention_v2,0.0432,0,1,1,1,1,1,1,1
85,23,feature,1,mlp,mlp,mlp,0.2241,1,1,1,1,1,1,1,1
86,23,feature,1,mlp,attention_v2,mlp,0.2302,1,1,1,1,1,1,1,1
87,23,relational,0,graph,attention_v2,graph,0.5633,0,0,0,0,0,0,1,1
88,23,relational,0,graph,mlp,graph,0.4405,0,0,1,1,0,0,1,1
89,23,feature,1,mlp,attention_v2,mlp,0.2321,1,1,1,1,1,1,1,1
90,23,relational,1,graph,graph,graph,0.5765,0,1,1,0,1,1,1,1
91,23,relational,0,graph,attention,graph,0.4315,0,0,0,0,0,0,1,1
92,23,relational,0,graph,attention,graph,0.7999,0,0,1,1,0,0,1,1
93,23,relational,1,graph,mlp,graph,0.4357,0,0,0,0,0,0,0,1
94,23,relational,1,graph,graph,graph,0.5387,0,1,0,0,1,1,1,1
95,23,relational,0,graph,mlp,graph,0.3912,0,1,1,1,1,1,0,1
96,23,relational,1,graph,attention,graph,0.6910,0,1,0,0,1,1,1,1
97,23,contextual,0,attention_v2,attention,attention_v2,0.0705,0,0,1,0,0,0,1,1
98,23,contextual,0,attention_v2,attention,attention_v2,0.0406,0,0,1,0,0,0,1,1
99,23,relational,0,graph,attention,graph,0.2014,0,0,0,1,0,0,1,1
100,23,feature,0,mlp,attention,mlp,0.2499,0,1,0,0,0,0,1,1
101,23,contextual,0,attention_v2,attention_v2,attention_v2,0.0513,0,0,1,0,0,0,1,1
102,23,relational,0,graph,mlp,graph,0.3969,0,0,1,1,0,0,1,1
103,23,contextual,0,attention_v2,graph,attention_v2,0.0495,0,1,0,0,0,0,1,1
104,23,feature,1,mlp,attention_v2,mlp,0.3984,1,1,0,0,1,1,1,1
105,23,feature,1,mlp,mlp,mlp,0.2388,1,1,1,1,1,1,1,1
106,23,feature,0,mlp,attention_v2,mlp,0.2511,0,1,0,0,0,0,1,1
107,23,feature,1,mlp,attention_v2,mlp,0.3967,1,1,0,0,1,1,1,1
108,23,relational,1,graph,attention_v2,graph,0.2044,0,0,1,1,0,0,0,1
109,23,feature,1,mlp,attention_v2,mlp,0.4147,1,1,0,0,1,1,1,1
110,23,relational,1,graph,attention,graph,0.6258,0,1,1,1,1,1,1,1
111,23,feature,0,mlp,attention_v2,mlp,0.2636,0,1,0,0,0,0,1,1
112,23,feature,0,mlp,attention,mlp,0.3531,0,1,1,0,0,0,1,1
113,23,feature,1,mlp,attention_v2,mlp,0.3903,1,1,0,0,1,1,1,1
114,23,feature,0,mlp,attention,mlp,0.3597,0,1,1,1,0,0,1,1
115,23,contextual,1,attention_v2,graph,attention_v2,0.0355,0,0,0,1,1,1,1,1
116,23,contextual,1,attention_v2,mlp,attention_v2,0.0516,0,0,0,1,1,1,1,1
117,23,feature,1,mlp,attention,mlp,0.2317,1,1,1,1,1,1,1,1
118,23,relational,0,graph,graph,graph,0.5542,0,0,1,0,0,0,1,1
119,23,contextual,0,attention_v2,mlp,attention_v2,0.0668,0,0,1,0,0,0,1,1
120,23,relational,1,graph,mlp,graph,0.3702,0,1,0,0,1,1,1,1
121,23,feature,1,mlp,attention,mlp,0.2363,1,1,1,1,1,1,1,1
122,23,contextual,1,attention_v2,graph,attention_v2,0.0398,0,0,0,1,1,1,1,1
123,23,feature,0,mlp,attention_v2,mlp,0.3657,0,1,1,1,0,0,1,1
124,23,contextual,1,attention_v2,attention,attention_v2,0.0542,0,0,0,1,1,1,1,1
125,23,relational,1,graph,attention_v2,graph,0.4003,0,1,0,0,1,1,1,1
126,23,feature,0,mlp,mlp,mlp,0.2453,0,1,0,0,0,0,1,1
127,23,contextual,1,attention_v2,attention,attention_v2,0.0646,0,0,1,1,1,1,1,1
128,23,relational,1,graph,attention_v2,graph,0.2983,0,1,1,1,1,1,1,1
129,23,feature,0,mlp,attention_v2,mlp,0.2606,0,1,0,0,0,0,1,1
130,23,contextual,0,attention_v2,attention,attention_v2,0.1279,0,0,0,0,0,0,1,1
131,23,relational,0,graph,attention_v2,graph,0.5939,0,0,1,0,0,0,1,1
132,23,contextual,1,attention_v2,mlp,attention_v2,0.0634,0,0,1,1,1,1,1,1
133,23,feature,0,mlp,mlp,mlp,0.2519,0,1,0,0,0,0,1,1
134,23,feature,0,mlp,attention,mlp,0.3717,0,1,1,1,0,0,1,1
135,23,feature,1,mlp,mlp,mlp,0.2329,1,1,1,1,1,1,1,1
136,23,feature,1,mlp,mlp,mlp,0.2180,1,1,1,1,1,1,1,1
137,23,relational,1,graph,attention_v2,graph,0.4221,0,0,0,1,0,0,0,1
138,23,feature,0,mlp,mlp,mlp,0.2642,0,1,0,0,0,0,1,1
139,23,contextual,0,attention_v2,attention_v2,attention_v2,0.0475,0,1,1,0,0,0,1,1
140,23,relational,0,graph,mlp,graph,0.6164,0,0,1,0,0,0,1,1
141,23,contextual,0,attention_v2,attention_v2,attention_v2,0.0634,0,0,0,0,0,0,1,1
142,23,feature,1,mlp,attention,mlp,0.3890,1,1,0,0,1,1,1,1
143,23,relational,1,graph,graph,graph,0.2014,0,1,0,1,1,1,1,1
144,23,contextual,1,attention_v2,mlp,attention_v2,0.0374,0,0,1,1,1,1,1,1
145,23,feature,1,mlp,attention,mlp,0.2281,1,1,1,1,1,1,1,1
146,23,feature,1,mlp,attention,mlp,0.3950,1,1,0,0,1,1,1,1
147,23,contextual,1,attention_v2,attention_v2,attention_v2,0.0634,0,1,1,1,1,1,1,1
148,23,contextual,1,attention_v2,attention_v2,attention_v2,0.0603,0,0,1,1,1,1,1,1
149,23,feature,0,mlp,mlp,mlp,0.2526,0,1,0,0,0,0,1,1
150,23,relational,0,graph,mlp,graph,0.2460,0,0,0,0,0,0,1,1
151,23,contextual,1,attention_v2,mlp,attention_v2,0.0496,0,0,1,1,1,1,1,1
152,23,contextual,0,attention_v2,graph,attention_v2,0.0763,0,0,0,0,0,0,1,1
153,23,feature,1,mlp,attention,mlp,0.4026,1,1,0,0,1,1,1,1
154,23,feature,0,mlp,attention_v2,mlp,0.3712,0,1,1,1,0,0,1,1
155,23,relational,1,graph,mlp,mlp,0.7904,0,0,0,0,0,0,0,0
156,23,relational,1,graph,attention,graph,0.3456,0,1,1,0,1,1,1,1
157,23,contextual,0,attention_v2,graph,attention_v2,0.0393,0,0,1,0,0,0,1,1
158,23,feature,0,mlp,mlp,mlp,0.2695,0,1,0,0,0,0,1,1
159,23,relational,0,graph,graph,graph,0.5009,0,1,1,1,1,1,0,1
160,23,relational,1,graph,attention,graph,0.6095,0,1,1,1,1,1,1,1
161,23,relational,0,graph,mlp,graph,0.4635,0,0,0,0,0,0,1,1
162,23,contextual,1,attention_v2,attention_v2,attention_v2,0.1275,0,0,1,1,1,1,1,1
163,23,feature,0,mlp,attention,mlp,0.2554,0,1,0,0,0,0,1,1
164,23,relational,0,graph,graph,graph,0.4932,0,0,0,0,0,0,1,1
165,23,contextual,1,attention_v2,attention_v2,attention_v2,0.1216,1,1,1,0,0,0,0,1
166,23,feature,1,mlp,attention,mlp,0.2581,1,1,1,1,1,1,1,1
167,23,feature,1,mlp,attention_v2,mlp,0.2207,1,1,1,1,1,1,1,1
168,23,contextual,1,attention_v2,graph,attention_v2,0.0325,0,0,0,1,1,1,1,1
169,23,contextual,0,attention_v2,attention,attention_v2,0.0315,0,0,1,0,0,0,1,1
170,23,relational,0,graph,graph,graph,0.2728,0,0,0,1,0,0,1,1
171,23,relational,0,graph,attention,graph,0.6197,0,0,0,0,0,0,1,1
172,23,contextual,0,attention_v2,attention,attention_v2,0.0336,0,0,0,0,0,0,1,1
173,23,relational,0,graph,graph,graph,0.4341,0,0,1,0,0,0,1,1
174,23,relational,1,graph,attention,graph,0.2726,0,1,1,0,1,1,1,1
175,23,feature,1,mlp,graph,mlp,0.2410,1,1,1,1,1,1,1,1
176,23,feature,0,mlp,graph,mlp,0.3631,0,1,1,1,0,0,1,1
177,23,contextual,1,attention_v2,attention_v2,attention_v2,0.0394,0,0,1,1,1,1,1,1
178,23,feature,1,mlp,attention_v2,mlp,0.2406,1,1,1,1,1,1,1,1
179,23,relational,0,graph,attention,graph,0.6059,0,0,1,0,0,0,1,1
180,23,contextual,1,attention_v2,mlp,attention_v2,0.0537,0,0,1,1,1,1,1,1
181,23,relational,1,graph,graph,graph,0.1558,0,1,0,0,1,1,1,1
182,23,feature,1,mlp,attention_v2,mlp,0.3917,1,1,0,0,1,1,1,1
183,23,contextual,1,attention_v2,graph,attention_v2,0.1246,1,1,1,1,1,1,1,1
184,23,contextual,1,attention_v2,graph,attention_v2,0.0573,0,1,1,1,1,1,1,1
185,23,feature,1,mlp,graph,mlp,0.2289,1,1,1,1,1,1,1,1
186,23,relational,1,graph,graph,graph,0.5164,0,0,0,0,0,0,0,1
187,23,relational,0,graph,graph,graph,0.4312,0,0,0,0,0,0,1,1
188,23,feature,0,mlp,attention_v2,mlp,0.3555,0,1,1,1,0,0,1,1
189,23,contextual,1,attention_v2,attention_v2,attention_v2,0.0563,0,0,1,1,1,1,1,1
190,23,contextual,1,attention_v2,attention,attention_v2,0.0366,0,0,0,1,1,1,1,1
191,23,feature,1,mlp,mlp,mlp,0.2244,1,1,1,1,1,1,1,1
192,23,contextual,1,attention_v2,graph,attention_v2,0.0794,0,0,0,1,1,1,1,1
193,23,relational,0,graph,graph,graph,0.7837,0,0,0,1,0,0,1,1
194,23,feature,1,mlp,attention,mlp,0.2329,1,1,1,1,1,1,1,1
195,23,feature,0,mlp,mlp,mlp,0.2539,0,1,0,0,0,0,1,1
196,23,feature,1,mlp,attention,mlp,0.3963,1,1,0,0,1,1,1,1
197,23,feature,1,mlp,graph,mlp,0.3757,1,1,0,0,1,1,1,1
198,23,contextual,1,attention_v2,attention,attention_v2,0.0443,0,0,0,1,1,1,1,1
199,23,feature,1,mlp,attention,mlp,0.2374,1,1,1,1,1,1,1,1
200,23,feature,1,mlp,attention,mlp,0.2289,1,1,1,1,1,1,1,1
201,23,feature,1,mlp,attention,mlp,0.2332,1,1,1,1,1,1,1,1
202,23,relational,0,graph,attention,graph,0.3104,0,0,1,1,0,0,1,1
203,23,relational,1,graph,attention_v2,graph,0.5538,0,0,0,0,0,0,0,1
204,23,contextual,1,attention_v2,attention_v2,attention_v2,0.0508,0,0,0,1,1,1,1,1
205,23,relational,0,graph,mlp,graph,0.6355,0,0,0,0,0,0,1,1
206,23,contextual,0,attention_v2,attention,attention_v2,0.0983,1,1,1,0,0,0,1,1
207,23,contextual,1,attention_v2,graph,attention_v2,0.0802,0,1,1,1,1,1,1,1
208,23,feature,0,mlp,attention,mlp,0.3501,0,1,1,0,0,0,1,1
209,23,relational,0,graph,attention,graph,0.4580,0,0,1,1,0,0,1,1
210,23,relational,0,graph,attention,graph,0.3514,0,1,1,0,1,1,0,1
211,23,feature,1,mlp,mlp,mlp,0.2366,1,1,1,1,1,1,1,1
212,23,feature,0,mlp,graph,mlp,0.3450,0,1,1,1,0,0,1,1
213,23,relational,0,graph,graph,graph,0.3572,0,1,1,0,1,1,0,1
214,23,relational,1,graph,mlp,graph,0.5948,0,1,0,0,1,1,1,1
215,23,feature,1,mlp,graph,mlp,0.2332,1,1,1,1,1,1,1,1
216,23,feature,0,mlp,mlp,mlp,0.2488,0,1,0,0,0,0,1,1
217,23,feature,0,mlp,attention,mlp,0.3544,0,1,1,1,0,0,1,1
218,23,contextual,1,attention_v2,graph,attention_v2,0.0571,0,0,1,1,1,1,1,1
219,23,relational,0,graph,graph,graph,0.5530,0,0,0,0,0,0,1,1
220,23,relational,0,graph,attention,graph,0.4476,0,0,1,0,0,0,1,1
221,23,feature,1,mlp,mlp,mlp,0.3719,1,1,0,0,1,1,1,1
222,23,relational,1,graph,attention,graph,0.3473,0,1,0,0,1,1,1,1
223,23,feature,0,mlp,attention_v2,mlp,0.2521,0,1,0,0,0,0,1,1
224,23,contextual,1,attention_v2,mlp,attention_v2,0.0871,0,0,0,1,1,1,1,1
225,23,contextual,1,attention_v2,attention,attention_v2,0.0577,0,1,1,1,1,1,1,1
226,23,feature,1,mlp,attention,mlp,0.2218,1,1,1,1,1,1,1,1
227,23,feature,1,mlp,attention,mlp,0.2392,1,1,1,1,1,1,1,1
228,23,contextual,1,attention_v2,attention_v2,attention_v2,0.0881,0,1,1,1,1,1,1,1
229,23,contextual,1,attention_v2,graph,attention_v2,0.0482,0,0,0,1,1,1,1,1
230,23,feature,0,mlp,mlp,mlp,0.2539,0,1,0,0,0,0,1,1
231,23,contextual,1,attention_v2,graph,attention_v2,0.0519,0,0,0,1,1,1,1,1
232,23,feature,1,mlp,mlp,mlp,0.3679,1,1,0,0,1,1,1,1
233,23,feature,0,mlp,attention,mlp,0.2562,0,1,0,0,0,0,1,1
234,23,contextual,0,attention_v2,attention_v2,attention_v2,0.0500,0,0,0,0,0,0,1,1
235,23,contextual,1,attention_v2,attention_v2,attention_v2,0.0323,0,0,0,1,1,1,1,1
236,23,contextual,0,attention_v2,mlp,attention_v2,0.0467,0,0,0,0,0,0,1,1
237,23,feature,1,mlp,attention_v2,mlp,0.4020,1,1,0,0,1,1,1,1
238,23,relational,1,graph,mlp,graph,0.4458,0,1,0,0,1,1,1,1
239,23,contextual,1,attention_v2,attention_v2,attention_v2,0.0496,0,1,1,1,1,1,1,1
240,23,relational,0,graph,attention,graph,0.4310,0,0,1,1,0,0,1,1
241,23,relational,1,graph,attention,graph,0.4514,0,0,0,0,0,0,0,1
242,23,contextual,0,attention_v2,attention_v2,attention_v2,0.0681,0,0,0,0,0,0,1,1
243,23,relational,1,graph,attention_v2,graph,0.2348,0,1,1,1,1,1,1,1
244,23,feature,1,mlp,attention_v2,mlp,0.3852,1,1,0,0,1,1,1,1
245,23,relational,1,graph,attention_v2,graph,0.4895,0,1,1,1,1,1,1,1
246,23,relational,1,graph,attention,graph,0.3610,0,1,0,1,1,1,1,1
247,23,relational,0,graph,attention,graph,0.2087,0,0,0,0,0,0,1,1
248,23,relational,1,graph,mlp,graph,0.5131,0,0,1,1,0,0,0,1
249,23,relational,1,graph,graph,graph,0.1177,0,1,1,0,1,1,1,1
250,23,contextual,0,attention_v2,graph,attention_v2,0.0585,0,0,0,0,0,0,1,1
251,23,relational,0,graph,mlp,graph,0.4009,0,0,1,0,0,0,1,1
252,23,feature,0,mlp,mlp,mlp,0.3566,0,1,1,0,0,0,1,1
253,23,relational,1,graph,attention_v2,graph,0.2716,0,1,0,0,1,1,1,1
254,23,relational,0,graph,graph,graph,0.5396,0,0,0,0,0,0,1,1
255,23,relational,1,graph,attention,graph,0.4584,0,0,0,0,0,0,0,1
256,23,feature,1,mlp,attention,mlp,0.3962,1,1,0,0,1,1,1,1
257,23,relational,1,graph,graph,graph,0.5582,0,0,1,1,0,0,0,1
258,23,contextual,0,attention_v2,mlp,attention_v2,0.0397,0,0,0,0,0,0,1,1
259,23,contextual,1,attention_v2,mlp,attention_v2,0.0472,0,0,1,1,1,1,1,1
260,23,feature,1,mlp,attention,mlp,0.2343,1,1,1,1,1,1,1,1
261,23,contextual,1,attention_v2,mlp,attention_v2,0.0374,0,0,1,1,1,1,1,1
262,23,contextual,1,attention_v2,attention_v2,attention_v2,0.0511,0,1,1,1,1,1,1,1
263,23,feature,0,mlp,mlp,mlp,0.3766,0,1,1,0,0,0,1,1
264,23,feature,1,mlp,graph,mlp,0.3738,1,1,0,0,1,1,1,1
265,23,contextual,1,attention_v2,graph,attention_v2,0.0388,0,0,1,1,1,1,1,1
266,23,feature,0,mlp,attention,mlp,0.2565,0,1,0,0,0,0,1,1
267,23,contextual,1,attention_v2,attention,attention_v2,0.0514,0,1,1,1,1,1,1,1
268,23,relational,1,graph,attention,graph,0.4970,0,1,0,1,1,1,1,1
269,23,relational,0,graph,mlp,graph,0.5399,0,0,1,0,0,0,1,1
270,23,contextual,0,attention_v2,attention,attention_v2,0.0445,0,0,1,0,0,0,1,1
271,23,relational,0,graph,mlp,graph,0.2531,0,0,1,1,0,0,1,1
272,23,relational,0,graph,attention_v2,graph,0.5228,0,0,1,0,0,0,1,1
273,23,contextual,1,attention_v2,graph,attention_v2,0.0290,0,1,1,1,1,1,1,1
274,23,feature,1,mlp,graph,mlp,0.2389,1,1,1,1,1,1,1,1
275,23,relational,1,graph,graph,graph,0.4173,0,1,0,0,1,1,1,1
276,23,relational,0,graph,graph,graph,0.2777,0,0,0,0,0,0,1,1
277,23,feature,1,mlp,graph,mlp,0.3999,1,1,0,0,1,1,1,1
278,23,relational,0,graph,mlp,graph,0.2362,0,1,0,0,1,1,0,1
279,23,feature,1,mlp,mlp,mlp,0.3972,1,1,0,0,1,1,1,1
280,23,relational,1,graph,attention,graph,0.2531,0,1,1,1,1,1,1,1
281,23,feature,0,mlp,attention_v2,mlp,0.3692,0,1,1,1,0,0,1,1
282,23,relational,1,graph,attention_v2,graph,0.4280,0,1,0,0,1,1,1,1
283,23,relational,1,graph,attention,graph,0.4133,0,0,1,1,0,0,0,1
284,23,feature,0,mlp,attention_v2,mlp,0.3568,0,1,1,1,0,0,1,1
285,23,contextual,1,attention_v2,attention,attention_v2,0.0365,0,0,0,1,1,1,1,1
286,23,feature,0,mlp,attention_v2,mlp,0.2590,0,1,0,0,0,0,1,1
287,23,feature,1,mlp,mlp,mlp,0.3892,1,1,0,0,1,1,1,1
288,23,relational,1,graph,graph,graph,0.7301,0,0,0,0,0,0,0,1
289,23,relational,0,graph,graph,graph,0.1526,0,1,0,0,1,1,0,1
290,23,feature,1,mlp,attention_v2,mlp,0.2318,1,1,1,1,1,1,1,1
291,23,relational,0,graph,mlp,graph,0.5742,0,0,1,0,0,0,1,1
292,23,relational,1,graph,graph,graph,0.1785,0,1,1,0,1,1,1,1
293,23,feature,0,mlp,graph,mlp,0.2448,0,1,0,0,0,0,1,1
294,23,relational,0,graph,graph,graph,0.2664,0,0,0,1,0,0,1,1
295,23,relational,1,graph,attention_v2,graph,0.6738,0,0,0,0,0,0,0,1
296,23,contextual,0,attention_v2,attention,attention_v2,0.0410,0,1,1,0,0,0,1,1
297,23,relational,1,graph,graph,graph,0.4196,0,0,1,1,0,0,0,1
298,23,feature,1,mlp,graph,mlp,0.2296,1,1,1,1,1,1,1,1
299,23,contextual,0,attention_v2,attention,attention_v2,0.0860,0,1,1,0,0,0,1,1
300,23,relational,1,graph,mlp,graph,0.5753,0,0,0,0,0,0,0,1
301,23,relational,1,graph,attention_v2,graph,0.4831,0,0,0,1,0,0,0,1
302,23,contextual,1,attention_v2,attention,attention_v2,0.0270,0,0,1,1,1,1,1,1
303,23,contextual,0,attention_v2,attention_v2,attention_v2,0.0446,0,0,1,0,0,0,1,1
304,23,contextual,1,attention_v2,mlp,attention_v2,0.0486,0,0,0,1,1,1,1,1
305,23,feature,0,mlp,attention,mlp,0.3688,0,1,1,0,0,0,1,1
306,23,contextual,1,attention_v2,attention,attention_v2,0.0367,0,1,1,1,1,1,1,1
307,23,contextual,0,attention_v2,graph,attention_v2,0.0635,0,1,1,0,0,0,1,1
308,23,contextual,1,attention_v2,graph,attention_v2,0.0487,0,0,1,1,1,1,1,1
309,23,contextual,0,attention_v2,mlp,attention_v2,0.0456,0,0,0,0,0,0,1,1
310,23,relational,0,graph,graph,graph,0.4122,0,0,0,0,0,0,1,1
311,23,contextual,1,attention_v2,graph,attention_v2,0.0612,0,0,0,1,1,1,1,1
312,23,relational,0,graph,mlp,graph,0.4558,0,0,1,1,0,0,1,1
313,23,relational,1,graph,mlp,graph,0.6960,0,1,1,1,1,1,1,1
314,23,feature,0,mlp,mlp,mlp,0.3560,0,1,1,1,0,0,1,1
315,23,relational,0,graph,attention_v2,graph,0.3158,0,0,1,0,0,0,1,1
316,23,feature,1,mlp,mlp,mlp,0.3806,1,1,0,0,1,1,1,1
317,23,relational,1,graph,graph,graph,0.2633,0,0,0,0,0,0,0,1
318,23,feature,1,mlp,graph,mlp,0.4023,1,1,0,0,1,1,1,1
319,23,feature,1,mlp,attention_v2,mlp,0.2349,1,1,1,1,1,1,1,1
320,23,feature,0,mlp,mlp,mlp,0.3678,0,1,1,1,0,0,1,1
321,23,contextual,1,attention_v2,attention_v2,attention_v2,0.1117,0,0,1,1,1,1,1,1
322,23,relational,1,graph,graph,graph,0.5541,0,1,1,1,1,1,1,1
323,23,contextual,0,attention_v2,mlp,attention_v2,0.0530,0,1,1,0,0,0,1,1
324,23,contextual,1,attention_v2,attention,attention_v2,0.0399,0,0,0,1,1,1,1,1
325,23,contextual,0,attention_v2,attention_v2,attention_v2,0.0580,0,0,0,0,0,0,1,1
326,23,contextual,0,attention_v2,graph,attention_v2,0.0649,0,0,0,0,0,0,1,1
327,23,feature,1,mlp,mlp,mlp,0.2318,1,1,1,1,1,1,1,1
328,23,contextual,1,attention_v2,attention,attention_v2,0.0813,0,0,0,1,1,1,1,1
329,23,contextual,1,attention_v2,mlp,attention_v2,0.0527,0,0,0,1,1,1,1,1
330,23,relational,0,graph,graph,mlp,0.7891,0,0,1,0,0,0,1,0
331,23,feature,0,mlp,graph,mlp,0.2516,0,1,0,0,0,0,1,1
332,23,relational,0,graph,graph,graph,0.3427,0,0,1,0,0,0,1,1
333,23,relational,1,graph,attention,graph,0.5941,0,1,1,0,1,1,1,1
334,23,feature,1,mlp,attention,mlp,0.3872,1,1,0,0,1,1,1,1
335,23,contextual,1,attention_v2,attention_v2,attention_v2,0.0462,0,0,0,1,1,1,1,1
336,23,feature,1,mlp,mlp,mlp,0.2427,1,1,1,1,1,1,1,1
337,23,relational,1,graph,mlp,graph,0.6590,0,1,0,0,1,1,1,1
338,23,contextual,1,attention_v2,graph,attention_v2,0.0368,0,0,0,1,1,1,1,1
339,23,relational,0,graph,mlp,graph,0.5329,0,0,1,1,0,0,1,1
340,23,contextual,0,attention_v2,attention,attention_v2,0.0795,0,0,0,0,0,0,1,1
341,23,feature,0,mlp,attention_v2,mlp,0.2477,0,1,0,0,0,0,1,1
342,23,relational,1,graph,attention_v2,graph,0.7093,0,0,1,1,0,0,0,1
343,23,relational,1,graph,attention_v2,graph,0.5782,0,0,0,1,0,0,0,1
344,23,feature,1,mlp,attention,mlp,0.3888,1,1,0,0,1,1,1,1
345,23,relational,0,graph,attention,graph,0.3629,0,0,1,1,0,0,1,1
346,23,feature,0,mlp,attention,mlp,0.2583,0,1,0,0,0,0,1,1
347,23,relational,1,graph,attention_v2,graph,0.4674,0,0,0,0,0,0,0,1
348,23,feature,0,mlp,attention,mlp,0.3575,0,1,1,1,0,0,1,1
349,23,contextual,1,attention_v2,attention_v2,attention_v2,0.0685,0,0,1,1,1,1,1,1
350,23,feature,0,mlp,graph,mlp,0.3491,0,0,1,1,0,0,1,1
351,23,contextual,1,attention_v2,graph,attention_v2,0.0377,0,1,1,1,1,1,1,1
352,23,relational,1,graph,mlp,graph,0.5746,0,0,0,0,0,0,0,1
353,23,feature,0,mlp,attention_v2,mlp,0.2537,0,1,0,0,0,0,1,1
354,23,feature,1,mlp,attention,mlp,0.3922,1,1,0,0,1,1,1,1
355,23,contextual,0,attention_v2,attention_v2,attention_v2,0.0270,0,0,0,0,0,0,1,1
356,23,contextual,1,attention_v2,attention_v2,attention_v2,0.0550,0,1,1,1,1,1,1,1
357,23,relational,1,graph,graph,graph,0.6271,0,0,0,0,0,0,0,1
358,23,relational,1,graph,graph,graph,0.3719,0,1,1,0,1,1,1,1
359,23,relational,0,graph,graph,graph,0.3866,0,0,1,0,0,0,1,1
360,23,contextual,0,attention_v2,attention_v2,attention_v2,0.0798,0,1,1,0,0,0,1,1
361,23,relational,0,graph,mlp,graph,0.3645,0,0,0,0,0,0,1,1
362,23,relational,1,graph,attention_v2,graph,0.5400,0,1,1,1,1,1,1,1
363,23,relational,0,graph,graph,graph,0.7195,0,0,1,1,0,0,1,1
364,23,feature,1,mlp,attention,mlp,0.3798,1,1,0,0,1,1,1,1
365,23,feature,1,mlp,graph,mlp,0.2424,1,1,1,1,1,1,1,1
366,23,contextual,0,attention_v2,attention_v2,attention_v2,0.0384,0,0,0,0,0,0,1,1
367,23,feature,0,mlp,attention,mlp,0.2509,0,1,0,0,0,0,1,1
368,23,feature,0,mlp,mlp,mlp,0.2453,0,1,0,0,0,0,1,1
369,23,relational,0,graph,attention,graph,0.3546,0,0,1,1,0,0,1,1
370,23,contextual,1,attention_v2,attention,attention_v2,0.0600,0,0,1,1,1,1,1,1
371,23,relational,1,graph,attention_v2,graph,0.3471,0,1,1,0,1,1,1,1
372,23,contextual,0,attention_v2,graph,attention_v2,0.0693,0,0,1,0,0,0,1,1
373,23,feature,1,mlp,attention,mlp,0.2186,1,1,1,1,1,1,1,1
374,23,feature,0,mlp,attention,mlp,0.3765,0,1,1,0,0,0,1,1
375,23,feature,0,mlp,attention_v2,mlp,0.2540,0,1,0,0,0,0,1,1
376,23,contextual,1,attention_v2,attention_v2,attention_v2,0.0460,0,0,0,1,1,1,1,1
377,23,relational,0,graph,mlp,graph,0.4686,0,1,1,1,1,1,0,1
378,23,feature,0,mlp,graph,mlp,0.3442,0,1,1,1,0,0,1,1
379,23,feature,1,mlp,mlp,mlp,0.2380,1,1,1,1,1,1,1,1
380,23,feature,0,mlp,graph,mlp,0.3457,0,1,1,1,0,0,1,1
381,23,contextual,1,attention_v2,mlp,attention_v2,0.0446,0,0,0,1,1,1,1,1
382,23,contextual,0,attention_v2,mlp,attention_v2,0.0426,0,1,1,0,0,0,1,1
383,23,relational,0,graph,graph,graph,0.3059,0,0,1,0,0,0,1,1
384,23,contextual,1,attention_v2,graph,attention_v2,0.0619,0,0,1,1,1,1,1,1
385,23,feature,1,mlp,graph,mlp,0.3909,1,1,0,0,1,1,1,1
386,23,contextual,0,attention_v2,mlp,attention_v2,0.0412,0,0,1,0,0,0,1,1
387,23,relational,0,graph,attention,graph,0.5545,0,0,1,1,0,0,1,1
388,23,contextual,0,attention_v2,mlp,attention_v2,0.0359,0,0,1,0,0,0,1,1
389,23,feature,0,mlp,attention,mlp,0.3609,0,1,1,0,0,0,1,1
390,23,feature,1,mlp,graph,mlp,0.2215,1,1,1,1,1,1,1,1
391,23,relational,1,graph,attention_v2,graph,0.3549,0,1,1,1,1,1,1,1
392,23,relational,1,graph,attention,graph,0.4282,0,1,1,0,1,1,1,1
393,23,contextual,0,attention_v2,graph,attention_v2,0.0524,0,0,0,0,0,0,1,1
394,23,contextual,0,attention_v2,graph,attention_v2,0.0585,0,1,1,0,0,0,1,1
395,23,feature,1,mlp,attention,mlp,0.3839,1,1,0,0,1,1,1,1
396,23,feature,1,mlp,graph,mlp,0.2275,1,1,1,1,1,1,1,1
397,23,contextual,1,attention_v2,graph,attention_v2,0.0699,0,0,0,1,1,1,1,1
398,23,relational,1,graph,graph,graph,0.5096,0,1,1,1,1,1,1,1
399,23,contextual,0,attention_v2,mlp,attention_v2,0.0425,0,0,0,0,0,0,1,1
400,23,relational,0,graph,attention_v2,graph,0.5375,0,0,1,1,0,0,1,1
401,23,contextual,1,attention_v2,mlp,attention_v2,0.0429,0,1,1,1,1,1,1,1
402,23,contextual,0,attention_v2,mlp,attention_v2,0.0352,0,0,1,0,0,0,1,1
403,23,contextual,1,attention_v2,graph,attention_v2,0.0604,0,0,1,1,1,1,1,1
404,23,contextual,0,attention_v2,graph,attention_v2,0.0408,0,0,0,0,0,0,1,1
405,23,contextual,0,attention_v2,attention_v2,attention_v2,0.0529,0,1,1,0,0,0,1,1
406,23,contextual,0,attention_v2,attention,attention_v2,0.0461,0,0,0,1,1,1,0,1
407,23,relational,0,graph,mlp,graph,0.6295,0,1,1,1,1,1,0,1
408,23,relational,0,graph,graph,graph,0.7142,0,0,0,1,0,0,1,1
409,23,feature,0,mlp,mlp,mlp,0.2678,0,1,0,0,0,0,1,1
410,23,contextual,0,attention_v2,mlp,attention_v2,0.0915,1,1,1,0,0,0,1,1
411,23,contextual,0,attention_v2,mlp,attention_v2,0.0528,0,0,1,0,0,0,1,1
412,23,relational,1,graph,attention,graph,0.3349,0,0,0,0,0,0,0,1
413,23,feature,1,mlp,attention,mlp,0.4103,1,1,0,0,1,1,1,1
414,23,relational,1,graph,attention,graph,0.2746,0,1,0,0,1,1,1,1
415,23,feature,0,mlp,mlp,mlp,0.3703,0,1,1,1,0,0,1,1
416,23,contextual,1,attention_v2,mlp,attention_v2,0.0339,0,0,0,1,1,1,1,1
417,23,feature,0,mlp,attention_v2,mlp,0.3703,0,1,1,1,0,0,1,1
418,23,contextual,0,attention_v2,attention_v2,attention_v2,0.0330,0,0,0,0,0,0,1,1
419,23,feature,1,mlp,attention,mlp,0.2439,1,1,1,1,1,1,1,1
420,23,contextual,0,attention_v2,mlp,attention_v2,0.0447,0,0,0,0,0,0,1,1
421,23,contextual,1,attention_v2,mlp,attention_v2,0.0604,0,0,0,1,1,1,1,1
422,23,feature,1,mlp,mlp,mlp,0.3779,1,1,0,0,1,1,1,1
423,23,relational,1,graph,attention_v2,graph,0.7206,0,1,1,0,1,1,1,1
424,23,feature,0,mlp,attention,mlp,0.3448,0,1,1,1,0,0,1,1
425,23,feature,0,mlp,mlp,mlp,0.3684,0,1,1,1,0,0,1,1
426,23,feature,0,mlp,attention,mlp,0.2691,0,1,0,0,0,0,1,1
427,23,contextual,1,attention_v2,graph,attention_v2,0.0547,0,1,1,1,1,1,1,1
428,23,feature,1,mlp,graph,mlp,0.4174,1,1,0,0,1,1,1,1
429,23,feature,0,mlp,graph,mlp,0.3656,0,1,1,0,0,0,1,1
430,23,relational,1,graph,graph,graph,0.5640,0,0,1,1,0,0,0,1
431,23,relational,0,graph,mlp,graph,0.5665,0,1,1,1,1,1,0,1
432,23,relational,1,graph,attention,graph,0.7616,0,0,0,0,0,0,0,1
433,23,relational,0,graph,mlp,graph,0.7913,0,0,1,1,0,0,1,1
434,23,contextual,0,attention_v2,attention_v2,attention_v2,0.0770,0,1,0,0,0,0,1,1
435,23,feature,0,mlp,graph,mlp,0.3490,0,1,1,1,0,0,1,1
436,23,feature,1,mlp,attention,mlp,0.3983,1,1,0,0,1,1,1,1
437,23,feature,0,mlp,attention_v2,mlp,0.2548,0,1,0,0,0,0,1,1
438,23,feature,0,mlp,graph,mlp,0.3657,0,1,1,1,0,0,1,1
439,23,feature,1,mlp,attention_v2,mlp,0.3908,1,1,0,0,1,1,1,1
440,23,relational,1,graph,attention,graph,0.2008,0,1,1,1,1,1,1,1
441,23,relational,1,graph,mlp,graph,0.6222,0,0,0,0,0,0,0,1
442,23,relational,0,graph,graph,graph,0.4605,0,1,1,0,1,1,0,1
443,23,relational,1,graph,attention,graph,0.3805,0,1,1,1,1,1,1,1
444,23,feature,1,mlp,mlp,mlp,0.2292,1,1,1,1,1,1,1,1
445,23,contextual,1,attention_v2,graph,attention_v2,0.0349,0,0,1,1,1,1,1,1
446,23,contextual,0,attention_v2,mlp,attention_v2,0.0671,0,1,1,0,0,0,1,1
447,23,relational,1,graph,graph,graph,0.4923,0,0,1,1,0,0,0,1
448,23,relational,1,graph,attention_v2,graph,0.3245,0,0,1,0,0,0,0,1
449,23,contextual,0,attention_v2,attention,attention_v2,0.0713,0,1,1,0,0,0,1,1
450,23,feature,0,mlp,mlp,mlp,0.3611,0,1,1,1,0,0,1,1
451,23,relational,1,graph,mlp,graph,0.6321,0,0,0,0,0,0,0,1
452,23,contextual,1,attention_v2,attention_v2,attention_v2,0.0434,0,0,0,1,1,1,1,1
453,23,feature,0,mlp,attention,mlp,0.3706,0,1,1,1,0,0,1,1
454,23,feature,1,mlp,graph,mlp,0.3920,1,1,0,0,1,1,1,1
455,23,feature,1,mlp,attention,mlp,0.2298,1,1,1,1,1,1,1,1
456,23,relational,0,graph,mlp,graph,0.3363,0,0,1,1,0,0,1,1
457,23,contextual,0,attention_v2,mlp,attention_v2,0.0342,0,1,1,0,0,0,1,1
458,23,relational,0,graph,graph,graph,0.4731,0,0,1,0,0,0,1,1
459,23,relational,0,graph,attention_v2,graph,0.3660,0,1,1,1,1,1,0,1
460,23,relational,1,graph,attention_v2,graph,0.7974,0,0,1,1,0,0,0,1
461,23,feature,1,mlp,attention_v2,mlp,0.3911,1,1,0,0,1,1,1,1
462,23,feature,0,mlp,mlp,mlp,0.3628,0,1,1,1,0,0,1,1
463,23,feature,1,mlp,mlp,mlp,0.4068,1,1,0,0,1,1,1,1
464,23,feature,0,mlp,graph,mlp,0.3586,0,1,1,0,0,0,1,1
465,23,contextual,0,attention_v2,graph,attention_v2,0.0537,0,0,0,0,0,0,1,1
466,23,contextual,1,attention_v2,mlp,attention_v2,0.0445,0,0,1,1,1,1,1,1
467,23,feature,0,mlp,graph,mlp,0.3511,0,1,1,0,0,0,1,1
468,23,contextual,0,attention_v2,mlp,attention_v2,0.0421,0,0,1,0,0,0,1,1
469,23,relational,1,graph,attention_v2,graph,0.7340,0,0,0,1,0,0,0,1
470,23,contextual,0,attention_v2,mlp,attention_v2,0.0490,0,0,1,0,0,0,1,1
471,23,feature,1,mlp,attention_v2,mlp,0.3842,1,1,0,0,1,1,1,1
472,23,relational,1,graph,attention_v2,graph,0.4558,0,0,0,1,0,0,0,1
473,23,contextual,1,attention_v2,mlp,attention_v2,0.0323,0,0,0,1,1,1,1,1
474,23,relational,0,graph,attention_v2,graph,0.5175,0,0,0,0,0,0,1,1
475,23,relational,1,graph,mlp,graph,0.3551,0,1,1,0,1,1,1,1
476,23,contextual,0,attention_v2,attention_v2,attention_v2,0.0638,0,0,0,0,0,0,1,1
477,23,contextual,0,attention_v2,mlp,attention_v2,0.0479,0,0,0,0,0,0,1,1
478,23,feature,1,mlp,attention_v2,mlp,0.2304,1,1,1,1,1,1,1,1
479,23,contextual,0,attention_v2,attention,attention_v2,0.0432,0,0,0,0,0,0,1,1
480,23,feature,0,mlp,graph,mlp,0.2587,0,1,0,0,0,0,1,1
481,23,feature,0,mlp,attention_v2,mlp,0.3632,0,1,1,0,0,0,1,1
482,23,feature,1,mlp,attention,mlp,0.3867,1,1,0,0,1,1,1,1
483,23,contextual,0,attention_v2,mlp,attention_v2,0.1002,0,0,1,0,0,0,1,1
484,23,contextual,1,attention_v2,mlp,attention_v2,0.0329,0,0,0,1,1,1,1,1
485,23,feature,0,mlp,mlp,mlp,0.3595,0,1,1,1,0,0,1,1
486,23,relational,0,graph,mlp,graph,0.3066,0,0,1,1,0,0,1,1
487,23,contextual,0,attention_v2,attention,attention_v2,0.0438,0,0,0,0,0,0,1,1
488,23,feature,1,mlp,attention,mlp,0.2294,1,1,1,1,1,1,1,1
489,23,contextual,1,attention_v2,graph,attention_v2,0.1014,0,0,0,1,1,1,1,1
490,23,feature,1,mlp,mlp,mlp,0.4021,1,1,0,0,1,1,1,1
491,23,relational,0,graph,mlp,graph,0.5418,0,0,0,1,0,0,1,1
492,23,feature,0,mlp,graph,mlp,0.2620,0,1,0,0,0,0,1,1
493,23,relational,0,graph,attention,graph,0.5157,0,0,0,0,0,0,1,1
494,23,relational,0,graph,attention_v2,graph,0.3032,0,0,1,1,0,0,1,1
495,23,feature,0,mlp,attention_v2,mlp,0.2629,0,1,0,0,0,0,1,1
496,23,feature,0,mlp,attention,mlp,0.3490,0,1,1,1,0,0,1,1
497,23,contextual,0,attention_v2,attention,attention_v2,0.0559,0,0,0,0,0,0,1,1
498,23,contextual,1,attention_v2,attention_v2,attention_v2,0.0287,0,0,1,1,1,1,1,1
499,23,relational,0,graph,attention_v2,graph,0.2156,0,0,0,1,0,0,1,1
500,23,contextual,0,attention_v2,attention,attention_v2,0.0844,0,0,0,0,0,0,1,1
501,23,contextual,0,attention_v2,attention,attention_v2,0.0557,0,0,1,0,0,0,1,1
502,23,contextual,1,attention_v2,attention_v2,attention_v2,0.0423,0,0,0,1,1,1,1,1
503,23,feature,1,mlp,attention,mlp,0.3957,1,1,0,0,1,1,1,1
504,23,contextual,0,attention_v2,mlp,attention_v2,0.0462,0,1,1,0,0,0,1,1
505,23,contextual,0,attention_v2,attention_v2,attention_v2,0.0424,0,0,0,0,0,0,1,1
506,23,relational,0,graph,mlp,graph,0.3553,0,0,0,0,0,0,1,1
507,23,feature,1,mlp,graph,mlp,0.2273,1,1,1,1,1,1,1,1
508,23,contextual,1,attention_v2,attention_v2,attention_v2,0.0387,0,0,1,1,1,1,1,1
509,23,contextual,1,attention_v2,graph,attention_v2,0.0385,0,0,0,1,1,1,1,1
510,23,relational,0,graph,graph,graph,0.2987,0,0,1,1,0,0,1,1
511,23,feature,1,mlp,attention_v2,mlp,0.2310,1,1,1,1,1,1,1,1
512,23,feature,0,mlp,attention,mlp,0.2621,0,1,0,0,0,0,1,1
513,23,feature,1,mlp,graph,mlp,0.3771,1,1,0,0,1,1,1,1
514,23,contextual,1,attention_v2,attention,attention_v2,0.0600,0,0,1,1,1,1,1,1
515,23,feature,1,mlp,attention,mlp,0.2368,1,1,1,1,1,1,1,1
516,23,contextual,0,attention_v2,mlp,attention_v2,0.0827,0,1,1,0,0,0,1,1
517,23,feature,1,mlp,attention,mlp,0.3951,1,1,0,0,1,1,1,1
518,23,relational,1,graph,attention,graph,0.3688,0,0,1,1,0,0,0,1
519,23,feature,1,mlp,mlp,mlp,0.2380,1,1,1,1,1,1,1,1
520,23,feature,0,mlp,graph,mlp,0.3719,0,1,1,0,0,0,1,1
521,23,feature,1,mlp,mlp,mlp,0.4071,1,1,0,0,1,1,1,1
522,23,relational,1,graph,attention,graph,0.7661,0,1,1,1,1,1,1,1
523,23,feature,0,mlp,attention_v2,mlp,0.3608,0,1,1,1,0,0,1,1
524,23,contextual,0,attention_v2,attention_v2,attention_v2,0.0359,0,0,0,0,0,0,1,1
525,23,contextual,0,attention_v2,graph,attention_v2,0.0410,0,0,1,0,0,0,1,1
526,23,contextual,0,attention_v2,attention_v2,attention_v2,0.0397,0,0,0,0,0,0,1,1
527,23,feature,1,mlp,attention,mlp,0.3941,1,1,0,0,1,1,1,1
528,23,relational,1,graph,graph,graph,0.3220,0,1,0,0,1,1,1,1
529,23,feature,1,mlp,attention_v2,mlp,0.3799,1,1,0,0,1,1,1,1
530,23,relational,1,graph,graph,graph,0.4211,0,1,0,0,1,1,1,1
531,23,feature,0,mlp,attention_v2,mlp,0.2518,0,1,0,0,0,0,1,1
532,23,relational,1,graph,graph,graph,0.5166,0,1,1,0,1,1,1,1
533,23,contextual,0,attention_v2,attention_v2,attention_v2,0.0394,0,0,1,0,0,0,1,1
534,23,relational,1,graph,attention_v2,graph,0.3587,0,0,0,0,0,0,0,1
535,23,feature,1,mlp,attention_v2,mlp,0.3978,1,1,0,0,1,1,1,1
536,23,relational,1,graph,graph,graph,0.3485,0,1,1,1,1,1,1,1
537,23,contextual,0,attention_v2,mlp,attention_v2,0.0323,0,0,0,0,0,0,1,1
538,23,relational,0,graph,mlp,graph,0.2565,0,0,0,0,0,0,1,1
539,23,contextual,0,attention_v2,attention,attention_v2,0.1146,0,1,1,0,0,0,1,1
540,23,relational,1,graph,attention_v2,graph,0.4815,0,0,1,0,0,0,0,1
541,23,feature,1,mlp,attention,mlp,0.3956,1,1,0,0,1,1,1,1
542,23,relational,0,graph,attention_v2,graph,0.3490,0,1,1,1,1,1,0,1
543,23,contextual,1,attention_v2,graph,attention_v2,0.0576,0,0,0,1,1,1,1,1
544,23,feature,1,mlp,attention_v2,mlp,0.3887,1,1,0,0,1,1,1,1
545,23,relational,0,graph,attention,graph,0.3592,0,0,0,0,0,0,1,1
546,23,feature,0,mlp,graph,mlp,0.2369,0,1,0,0,0,0,1,1
547,23,relational,1,graph,attention_v2,graph,0.3250,0,1,1,1,1,1,1,1
548,23,feature,1,mlp,graph,mlp,0.2308,1,1,1,1,1,1,1,1
549,23,contextual,1,attention_v2,graph,attention_v2,0.0420,0,0,0,1,1,1,1,1
550,23,feature,1,mlp,mlp,mlp,0.2418,1,1,1,1,1,1,1,1
551,23,relational,0,graph,attention,graph,0.1861,0,0,1,1,0,0,1,1
552,23,contextual,0,attention_v2,attention,attention_v2,0.0490,0,0,1,0,0,0,1,1
553,23,feature,0,mlp,graph,mlp,0.2478,0,1,0,0,0,0,1,1
554,23,relational,1,graph,graph,graph,0.4446,0,1,1,0,1,1,1,1
555,23,feature,0,mlp,attention_v2,mlp,0.3611,0,1,1,1,0,0,1,1
556,23,contextual,0,attention_v2,mlp,attention_v2,0.0685,0,0,0,0,0,0,1,1
557,23,contextual,0,attention_v2,graph,attention_v2,0.0680,0,1,1,0,0,0,1,1
558,23,feature,1,mlp,attention_v2,mlp,0.3751,1,1,0,0,1,1,1,1
559,23,contextual,0,attention_v2,mlp,attention_v2,0.0512,0,0,0,0,0,0,1,1
560,23,feature,1,mlp,graph,mlp,0.3828,1,1,0,0,1,1,1,1
561,23,relational,1,graph,attention_v2,graph,0.3674,0,1,1,1,1,1,1,1
562,23,contextual,0,attention_v2,mlp,attention_v2,0.1040,0,0,1,0,0,0,1,1
563,23,contextual,1,attention_v2,attention_v2,attention_v2,0.0591,0,0,0,1,1,1,1,1
564,23,relational,0,graph,graph,graph,0.7657,0,0,0,0,0,0,1,1
565,23,relational,1,graph,attention,graph,0.2344,0,1,0,0,1,1,1,1
566,23,feature,1,mlp,attention_v2,mlp,0.2351,1,1,1,1,1,1,1,1
567,23,relational,0,graph,mlp,graph,0.4058,0,0,0,0,0,0,1,1
568,23,feature,1,mlp,graph,mlp,0.3917,1,1,0,0,1,1,1,1
569,23,relational,0,graph,mlp,graph,0.3841,0,0,0,0,0,0,1,1
570,23,contextual,1,attention_v2,attention_v2,attention_v2,0.0406,0,0,0,1,1,1,1,1
571,23,contextual,1,attention_v2,attention_v2,attention_v2,0.0369,0,0,1,1,1,1,1,1
572,23,contextual,1,attention_v2,graph,attention_v2,0.0475,0,0,1,1,1,1,1,1
573,23,contextual,0,attention_v2,attention,attention_v2,0.0552,0,0,0,0,0,0,1,1
574,23,contextual,0,attention_v2,mlp,attention_v2,0.1296,1,1,1,0,0,0,1,1
575,23,contextual,1,attention_v2,attention_v2,attention_v2,0.0534,0,0,0,1,1,1,1,1
576,23,contextual,0,attention_v2,attention_v2,attention_v2,0.0337,0,0,0,0,0,0,1,1
577,23,relational,1,graph,attention,graph,0.4027,0,1,1,1,1,1,1,1
578,23,contextual,0,attention_v2,attention,attention_v2,0.1019,0,0,0,0,0,0,1,1
579,23,contextual,0,attention_v2,mlp,attention_v2,0.0526,0,0,1,0,0,0,1,1
580,23,relational,0,graph,graph,graph,0.3787,0,0,1,0,0,0,1,1
581,23,relational,0,graph,attention_v2,graph,0.6750,0,0,0,0,0,0,1,1
582,23,contextual,1,attention_v2,attention_v2,attention_v2,0.0907,0,0,1,1,1,1,1,1
583,23,relational,1,graph,graph,graph,0.4047,0,1,0,1,1,1,1,1
584,23,contextual,1,attention_v2,graph,attention_v2,0.0343,0,1,1,1,1,1,1,1
585,23,feature,1,mlp,attention_v2,mlp,0.2172,1,1,1,1,1,1,1,1
586,23,relational,0,graph,attention,graph,0.2851,0,1,1,1,1,1,0,1
587,23,feature,0,mlp,attention_v2,mlp,0.3643,0,1,1,0,0,0,1,1
588,23,feature,0,mlp,attention_v2,mlp,0.3453,0,1,1,1,0,0,1,1
589,23,feature,1,mlp,mlp,mlp,0.2363,1,1,1,1,1,1,1,1
590,23,relational,1,graph,mlp,graph,0.6310,0,1,1,1,1,1,1,1
591,23,feature,0,mlp,graph,mlp,0.2442,0,1,0,0,0,0,1,1
592,23,contextual,1,attention_v2,attention,attention_v2,0.0335,0,0,1,1,1,1,1,1
593,23,feature,1,mlp,mlp,mlp,0.2256,1,1,1,1,1,1,1,1
594,23,feature,0,mlp,attention,mlp,0.2513,0,1,0,0,0,0,1,1
595,23,relational,0,graph,attention_v2,graph,0.5349,0,0,1,0,0,0,1,1
596,23,relational,0,graph,graph,graph,0.2213,0,1,1,1,1,1,0,1
597,23,feature,0,mlp,mlp,mlp,0.2478,0,1,0,0,0,0,1,1
598,23,contextual,0,attention_v2,attention_v2,attention_v2,0.0856,0,0,0,0,0,0,1,1
599,23,contextual,0,attention_v2,mlp,attention_v2,0.0484,0,0,0,0,0,0,1,1
600,23,feature,1,mlp,mlp,mlp,0.4065,1,1,0,0,1,1,1,1
601,23,feature,0,mlp,attention_v2,mlp,0.3643,0,1,1,1,0,0,1,1
602,23,contextual,1,attention_v2,mlp,attention_v2,0.0718,0,0,0,1,1,1,1,1
603,23,feature,0,mlp,attention,mlp,0.2467,0,1,0,0,0,0,1,1
604,23,feature,0,mlp,attention,mlp,0.2407,0,1,0,0,0,0,1,1
605,23,feature,1,mlp,mlp,mlp,0.3928,1,1,0,0,1,1,1,1
606,23,feature,0,mlp,attention_v2,mlp,0.3559,0,1,1,1,0,0,1,1
607,23,contextual,0,attention_v2,attention_v2,attention_v2,0.0424,0,0,0,0,0,0,1,1
608,23,relational,1,graph,mlp,graph,0.5103,0,0,1,1,0,0,0,1
609,23,feature,1,mlp,attention,mlp,0.3868,1,1,0,0,1,1,1,1
610,23,relational,0,graph,mlp,graph,0.2550,0,0,0,0,0,0,1,1
611,23,relational,1,graph,mlp,graph,0.4868,0,1,1,1,1,1,1,1
612,23,contextual,1,attention_v2,attention,attention_v2,0.0457,0,0,1,1,1,1,1,1
613,23,contextual,1,attention_v2,attention,attention_v2,0.0296,0,0,0,1,1,1,1,1
614,23,feature,1,mlp,mlp,mlp,0.3869,1,1,0,0,1,1,1,1
615,23,contextual,1,attention_v2,attention_v2,attention_v2,0.0445,0,0,1,1,1,1,1,1
616,23,contextual,1,attention_v2,mlp,attention_v2,0.0326,0,0,1,1,1,1,1,1
617,23,contextual,1,attention_v2,graph,attention_v2,0.0538,0,0,0,1,1,1,1,1
618,23,relational,1,graph,attention,graph,0.7121,0,0,0,0,0,0,0,1
619,23,relational,1,graph,graph,graph,0.3396,0,1,0,0,1,1,1,1
620,23,relational,1,graph,mlp,graph,0.3172,0,0,0,1,0,0,0,1
621,23,contextual,1,attention_v2,graph,attention_v2,0.0452,0,1,1,1,1,1,1,1
622,23,feature,0,mlp,graph,mlp,0.3454,0,1,1,1,0,0,1,1
623,23,contextual,1,attention_v2,graph,attention_v2,0.0613,0,0,0,1,1,1,1,1
624,23,contextual,1,attention_v2,mlp,attention_v2,0.0450,0,0,0,1,1,1,1,1
625,23,contextual,0,attention_v2,attention_v2,attention_v2,0.0517,0,0,1,0,0,0,1,1
626,23,relational,1,graph,graph,graph,0.2824,0,0,0,0,0,0,0,1
627,23,feature,0,mlp,mlp,mlp,0.2576,0,1,0,0,0,0,1,1
628,23,relational,1,graph,attention_v2,graph,0.3803,0,1,1,0,1,1,1,1
629,23,relational,0,graph,graph,graph,0.4194,0,0,0,0,0,0,1,1
630,23,feature,0,mlp,mlp,mlp,0.3585,0,1,1,1,0,0,1,1
631,23,feature,0,mlp,attention,mlp,0.2510,0,1,0,0,0,0,1,1
632,23,feature,0,mlp,attention_v2,mlp,0.2563,0,1,0,0,0,0,1,1
633,23,relational,1,graph,mlp,graph,0.3419,0,1,0,0,1,1,1,1
634,23,contextual,0,attention_v2,mlp,attention_v2,0.0327,0,0,1,0,0,0,1,1
635,23,contextual,1,attention_v2,attention,attention_v2,0.0332,0,0,1,1,1,1,1,1
636,23,feature,0,mlp,attention_v2,mlp,0.3855,0,1,1,1,0,0,1,1
637,23,relational,0,graph,attention_v2,graph,0.4769,0,0,1,0,0,0,1,1
638,23,contextual,1,attention_v2,attention_v2,attention_v2,0.0441,0,0,0,1,1,1,1,1
639,23,contextual,1,attention_v2,attention_v2,attention_v2,0.0625,0,0,0,1,1,1,1,1
640,23,relational,1,graph,attention,graph,0.6911,0,1,1,1,1,1,1,1
641,23,feature,1,mlp,mlp,mlp,0.4034,1,1,0,0,1,1,1,1
642,23,relational,1,graph,attention,graph,0.3207,0,1,1,1,1,1,1,1
643,23,relational,0,graph,attention_v2,graph,0.1885,0,1,1,1,1,1,0,1
644,23,relational,0,graph,graph,graph,0.5075,0,0,1,0,0,0,1,1
645,23,feature,0,mlp,attention_v2,mlp,0.2522,0,1,0,0,0,0,1,1
646,23,contextual,0,attention_v2,graph,attention_v2,0.0578,0,0,1,0,0,0,1,1
647,23,feature,0,mlp,attention_v2,mlp,0.3631,0,1,1,1,0,0,1,1
648,23,contextual,1,attention_v2,graph,attention_v2,0.0570,0,0,1,1,1,1,1,1
649,23,contextual,0,attention_v2,mlp,attention_v2,0.0750,0,1,1,0,0,0,1,1
650,23,contextual,0,attention_v2,attention_v2,attention_v2,0.0479,0,0,1,0,0,0,1,1
651,23,feature,1,mlp,graph,mlp,0.3839,1,1,0,0,1,1,1,1
652,23,relational,0,graph,mlp,graph,0.6737,0,0,0,0,0,0,1,1
653,23,contextual,0,attention_v2,attention_v2,attention_v2,0.0441,0,0,1,0,0,0,1,1
654,23,contextual,0,attention_v2,attention_v2,attention_v2,0.0415,0,0,0,0,0,0,1,1
655,23,relational,1,graph,attention_v2,graph,0.5052,0,1,0,1,1,1,1,1
656,23,feature,0,mlp,graph,mlp,0.2498,0,1,0,0,0,0,1,1
657,23,relational,0,graph,attention_v2,graph,0.2523,0,1,0,0,1,1,0,1
658,23,contextual,0,attention_v2,attention_v2,attention_v2,0.0414,0,0,1,0,0,0,1,1
659,23,contextual,1,attention_v2,attention,attention_v2,0.0416,0,0,0,1,1,1,1,1
660,23,relational,0,graph,attention,graph,0.5723,0,0,1,1,0,0,1,1
661,23,feature,0,mlp,graph,mlp,0.2581,0,1,0,0,0,0,1,1
662,23,relational,0,graph,mlp,graph,0.3682,0,0,0,0,0,0,1,1
663,23,relational,0,graph,attention,graph,0.7030,0,0,1,1,0,0,1,1
664,23,relational,1,graph,attention_v2,graph,0.5214,0,1,1,0,1,1,1,1
665,23,feature,1,mlp,attention,mlp,0.2518,1,1,1,1,1,1,1,1
666,23,relational,0,graph,graph,graph,0.7794,0,0,1,0,0,0,1,1
667,23,contextual,0,attention_v2,attention,attention_v2,0.0288,0,0,1,0,0,0,1,1
668,23,contextual,0,attention_v2,attention_v2,attention_v2,0.0392,0,1,1,0,0,0,1,1
669,23,contextual,0,attention_v2,attention,attention_v2,0.0428,0,0,1,0,0,0,1,1
670,23,feature,0,mlp,graph,mlp,0.2560,0,1,0,0,0,0,1,1
671,23,feature,0,mlp,attention_v2,mlp,0.3785,0,1,1,0,0,0,1,1
672,23,feature,1,mlp,graph,mlp,0.2331,1,1,1,1,1,1,1,1
673,23,relational,0,graph,graph,graph,0.3956,0,1,1,1,1,1,0,1
674,23,contextual,1,attention_v2,attention_v2,attention_v2,0.0994,0,0,0,1,1,1,1,1
675,23,contextual,1,attention_v2,attention_v2,attention_v2,0.1027,0,0,0,1,1,1,1,1
676,23,feature,1,mlp,graph,mlp,0.2309,1,1,1,1,1,1,1,1
677,23,contextual,0,attention_v2,attention_v2,attention_v2,0.0653,0,0,1,0,0,0,1,1
678,23,relational,1,graph,mlp,graph,0.6299,0,1,1,0,1,1,1,1
679,23,contextual,1,attention_v2,graph,attention_v2,0.0506,0,0,0,1,1,1,1,1
680,23,feature,0,mlp,attention,mlp,0.2475,0,1,0,0,0,0,1,1
681,23,relational,0,graph,attention,graph,0.3505,0,0,1,1,0,0,1,1
682,23,feature,0,mlp,attention,mlp,0.3682,0,1,1,0,0,0,1,1
683,23,contextual,1,attention_v2,attention,attention_v2,0.0466,0,0,1,1,1,1,1,1
684,23,relational,0,graph,attention_v2,graph,0.4838,0,0,1,0,0,0,1,1
685,23,contextual,1,attention_v2,attention_v2,attention_v2,0.0799,0,0,1,1,1,1,1,1
686,23,relational,0,graph,mlp,graph,0.3946,0,0,1,1,0,0,1,1
687,23,feature,0,mlp,attention,mlp,0.3586,0,1,1,0,0,0,1,1
688,23,contextual,0,attention_v2,graph,attention_v2,0.0358,0,0,0,0,0,0,1,1
689,23,feature,0,mlp,mlp,mlp,0.2550,0,1,0,0,0,0,1,1
690,23,relational,0,graph,mlp,graph,0.6540,0,0,1,0,0,0,1,1
691,23,relational,0,graph,attention,graph,0.5413,0,0,0,0,0,0,1,1
692,23,feature,1,mlp,attention,mlp,0.2255,1,1,1,1,1,1,1,1
693,23,contextual,1,attention_v2,mlp,attention_v2,0.0378,0,0,1,1,1,1,1,1
694,23,relational,0,graph,mlp,graph,0.5696,0,0,0,0,0,0,1,1
695,23,contextual,0,attention_v2,attention,attention_v2,0.0702,0,0,1,0,0,0,1,1
696,23,contextual,0,attention_v2,graph,attention_v2,0.0614,0,0,1,0,0,0,1,1
697,23,contextual,1,attention_v2,attention,attention_v2,0.0545,0,0,0,1,1,1,1,1
698,23,relational,0,graph,attention,graph,0.5359,0,0,0,1,0,0,1,1
699,23,contextual,1,attention_v2,graph,attention_v2,0.0415,0,0,0,1,1,1,1,1
700,23,contextual,1,attention_v2,graph,attention_v2,0.0559,0,0,0,1,1,1,1,1
701,23,contextual,1,attention_v2,attention_v2,attention_v2,0.0553,0,1,1,1,1,1,1,1
702,23,feature,0,mlp,attention_v2,mlp,0.2618,0,1,0,0,0,0,1,1
703,23,feature,0,mlp,attention_v2,mlp,0.3616,0,1,1,1,0,0,1,1
704,23,contextual,1,attention_v2,mlp,attention_v2,0.0451,0,0,0,1,1,1,1,1
705,23,relational,0,graph,graph,graph,0.5213,0,1,1,0,1,1,0,1
706,23,feature,1,mlp,attention,mlp,0.3874,1,1,0,0,1,1,1,1
707,23,relational,0,graph,attention,graph,0.2419,0,0,0,0,0,0,1,1
708,23,relational,0,graph,mlp,graph,0.5906,0,0,0,0,0,0,1,1
709,23,contextual,1,attention_v2,attention_v2,attention_v2,0.0479,0,1,1,1,1,1,1,1
710,23,feature,0,mlp,attention,mlp,0.3649,0,1,1,1,0,0,1,1
711,23,feature,0,mlp,graph,mlp,0.2640,0,1,0,0,0,0,1,1
712,23,relational,0,graph,mlp,graph,0.6877,0,0,1,0,0,0,1,1
713,23,feature,0,mlp,attention_v2,mlp,0.3652,0,1,1,1,0,0,1,1
714,23,feature,1,mlp,graph,mlp,0.2357,1,1,1,1,1,1,1,1
715,23,feature,1,mlp,attention_v2,mlp,0.3804,1,1,0,0,1,1,1,1
716,23,contextual,0,attention_v2,attention_v2,attention_v2,0.0559,0,0,1,0,0,0,1,1
717,23,contextual,1,attention_v2,attention_v2,attention_v2,0.0345,0,0,0,1,1,1,1,1
718,23,contextual,0,attention_v2,attention_v2,attention_v2,0.0523,0,0,1,0,0,0,1,1
719,23,contextual,1,attention_v2,mlp,attention_v2,0.0901,0,0,1,1,1,1,1,1
0,37,relational,0,graph,attention_v2,graph,0.2036,0,1,1,0,1,1,0,1
1,37,contextual,1,attention_v2,attention_v2,attention_v2,0.1658,0,0,0,1,1,1,1,1
2,37,relational,1,graph,graph,graph,0.1685,0,1,0,1,1,1,1,1
3,37,relational,1,graph,mlp,graph,0.9158,0,1,1,0,1,1,1,1
4,37,contextual,1,attention_v2,attention,attention_v2,0.3604,0,0,0,1,1,1,1,1
5,37,feature,0,mlp,mlp,attention,0.0896,0,1,0,1,0,0,1,0
6,37,relational,1,graph,mlp,graph,0.2169,0,0,0,0,0,0,0,1
7,37,contextual,0,attention_v2,graph,attention_v2,0.2053,0,0,0,0,0,0,1,1
8,37,contextual,1,attention_v2,mlp,attention_v2,0.2413,0,0,0,1,1,1,1,1
9,37,relational,1,graph,attention_v2,graph,0.3435,0,0,0,1,0,0,0,1
10,37,relational,1,graph,attention,graph,0.1070,0,1,0,1,1,1,1,1
11,37,relational,0,graph,graph,graph,0.3628,0,0,1,1,0,0,1,1
12,37,relational,0,graph,mlp,graph,0.1409,0,1,0,0,1,1,0,1
13,37,contextual,0,attention_v2,graph,attention_v2,0.1810,0,0,0,0,0,0,1,1
14,37,contextual,1,attention_v2,mlp,attention_v2,0.2068,0,0,0,1,1,1,1,1
15,37,feature,1,mlp,graph,graph,0.1354,1,1,0,0,1,1,1,0
16,37,feature,0,mlp,graph,mlp,0.1643,0,1,1,0,0,0,1,1
17,37,contextual,0,attention_v2,attention_v2,attention_v2,0.1757,0,0,0,0,0,0,1,1
18,37,relational,1,graph,mlp,graph,0.2094,0,1,1,0,1,1,1,1
19,37,feature,1,mlp,graph,graph,0.1356,1,1,0,0,1,1,1,0
20,37,feature,0,mlp,attention,mlp,0.1682,0,1,1,0,0,0,1,1
21,37,contextual,0,attention_v2,graph,attention_v2,0.2327,0,0,0,0,0,0,1,1
22,37,feature,1,mlp,attention,attention_v2,0.3498,1,1,0,1,1,1,1,0
23,37,feature,0,mlp,graph,attention,0.0827,0,1,0,1,0,0,1,0
24,37,feature,1,mlp,mlp,graph,0.1314,1,1,0,0,1,1,1,0
25,37,contextual,0,attention_v2,attention,attention_v2,0.2065,0,0,1,0,0,0,1,1
26,37,relational,1,graph,attention,graph,0.0731,0,1,0,0,1,1,1,1
27,37,contextual,1,attention_v2,attention,attention_v2,0.5684,0,0,0,1,1,1,1,1
28,37,contextual,0,attention_v2,mlp,attention_v2,0.3986,0,1,1,0,0,0,1,1
29,37,relational,0,graph,attention,graph,0.3067,0,0,0,1,0,0,1,1
30,37,contextual,0,attention_v2,attention,attention_v2,0.2203,0,0,0,0,0,0,1,1
31,37,contextual,0,attention_v2,graph,attention_v2,0.4145,0,1,1,0,0,0,1,1
32,37,feature,0,mlp,mlp,attention,0.0872,0,1,0,1,0,0,1,0
33,37,relational,0,graph,mlp,graph,0.4196,0,0,1,0,0,0,1,1
34,37,contextual,1,attention_v2,mlp,attention_v2,0.1814,0,0,0,1,1,1,1,1
35,37,relational,1,graph,graph,graph,0.2030,0,0,0,1,0,0,0,1
36,37,relational,1,graph,mlp,graph,0.1678,0,1,0,1,1,1,1,1
37,37,contextual,1,attention_v2,attention_v2,attention_v2,0.4359,0,0,0,1,1,1,1,1
38,37,contextual,1,attention_v2,mlp,attention_v2,0.5609,0,0,1,1,1,1,1,1
39,37,contextual,1,attention_v2,graph,attention_v2,0.2685,0,0,0,1,1,1,1,1
40,37,relational,0,graph,attention_v2,graph,0.3164,0,0,1,1,0,0,1,1
41,37,relational,1,graph,graph,graph,0.3748,0,1,0,0,1,1,1,1
42,37,feature,1,mlp,mlp,attention_v2,0.3566,1,1,0,1,1,1,1,0
43,37,relational,0,graph,mlp,graph,0.2759,0,0,0,0,0,0,1,1
44,37,contextual,0,attention_v2,graph,attention_v2,0.1509,0,1,1,0,0,0,1,1
45,37,feature,0,mlp,graph,mlp,0.1619,0,1,1,1,0,0,1,1
46,37,feature,0,mlp,mlp,mlp,0.1727,0,1,1,0,0,0,1,1
47,37,contextual,1,attention_v2,attention_v2,attention_v2,0.2316,0,1,1,1,1,1,1,1
48,37,relational,1,graph,graph,graph,0.3410,0,1,1,0,1,1,1,1
49,37,relational,0,graph,mlp,graph,0.1318,0,0,0,1,0,0,1,1
50,37,feature,1,mlp,attention,attention_v2,0.3430,1,1,0,1,1,1,1,0
51,37,relational,1,graph,attention_v2,graph,0.8139,0,1,1,1,1,1,1,1
52,37,contextual,0,attention_v2,graph,attention_v2,0.2427,0,0,0,0,0,0,1,1
53,37,feature,1,mlp,attention,graph,0.1359,1,1,0,0,1,1,1,0
54,37,contextual,0,attention_v2,attention,attention_v2,0.8367,0,1,0,0,0,0,1,1
55,37,contextual,0,attention_v2,attention,attention_v2,0.2080,0,0,0,0,0,0,1,1
56,37,feature,1,mlp,attention,graph,0.1370,1,1,0,0,1,1,1,0
57,37,relational,1,graph,attention_v2,graph,0.2207,0,0,0,1,0,0,0,1
58,37,relational,1,graph,attention_v2,graph,0.2311,0,1,0,1,1,1,1,1
59,37,relational,0,graph,attention,graph,0.2095,0,1,0,1,1,1,0,1
60,37,contextual,1,attention_v2,mlp,attention_v2,0.2354,0,0,0,1,1,1,1,1
61,37,feature,1,mlp,graph,attention_v2,0.3479,1,1,0,1,1,1,1,0
62,37,contextual,0,attention_v2,mlp,attention_v2,0.3868,0,1,0,0,0,0,1,1
63,37,contextual,0,attention_v2,attention_v2,attention_v2,0.1973,0,1,0,0,0,0,1,1
64,37,relational,1,graph,attention,graph,0.1353,0,1,0,0,1,1,1,1
65,37,relational,0,graph,graph,graph,0.1759,0,1,1,1,1,1,0,1
66,37,feature,1,mlp,attention_v2,attention_v2,0.3419,1,1,0,1,1,1,1,0
67,37,feature,1,mlp,attention_v2,attention_v2,0.3655,1,1,0,1,1,1,1,0
68,37,feature,0,mlp,graph,attention,0.0881,0,1,0,1,0,0,1,0
69,37,relational,1,graph,graph,graph,0.2278,0,0,0,0,0,0,0,1
70,37,relational,0,graph,attention_v2,graph,0.1979,0,1,0,1,1,1,0,1
71,37,relational,0,graph,attention_v2,graph,0.2884,0,0,1,1,0,0,1,1
72,37,contextual,1,attention_v2,mlp,attention_v2,0.2426,0,1,1,1,1,1,1,1
73,37,contextual,1,attention_v2,mlp,attention_v2,0.0978,0,1,0,1,1,1,1,1
74,37,contextual,1,attention_v2,mlp,attention_v2,0.5684,0,1,0,1,1,1,1,1
75,37,contextual,0,attention_v2,attention,attention_v2,0.2754,0,0,0,0,0,0,1,1
76,37,feature,0,mlp,graph,mlp,0.1652,0,1,1,0,0,0,1,1
77,37,feature,1,mlp,graph,graph,0.1378,1,1,0,0,1,1,1,0
78,37,feature,1,mlp,attention_v2,graph,0.1335,1,1,0,0,1,1,1,0
79,37,feature,1,mlp,attention_v2,attention_v2,0.3542,1,1,0,1,1,1,1,0
80,37,relational,0,graph,attention_v2,graph,0.2205,0,1,1,0,1,1,0,1
81,37,feature,0,mlp,graph,attention,0.0879,0,1,0,1,0,0,1,0
82,37,contextual,1,attention_v2,attention_v2,attention_v2,0.2162,0,0,0,1,1,1,1,1
83,37,contextual,1,attention_v2,attention_v2,attention_v2,0.2462,0,0,0,1,1,1,1,1
84,37,relational,1,graph,mlp,graph,0.1312,0,1,0,0,1,1,1,1
85,37,contextual,0,attention_v2,attention,attention_v2,0.1840,0,0,0,0,0,0,1,1
86,37,feature,1,mlp,attention_v2,attention_v2,0.3356,1,1,0,1,1,1,1,0
87,37,relational,0,graph,attention,graph,0.1240,0,0,0,1,0,0,1,1
88,37,feature,1,mlp,attention_v2,graph,0.1366,1,1,0,0,1,1,1,0
89,37,feature,1,mlp,attention_v2,graph,0.1321,1,1,0,0,1,1,1,0
90,37,relational,1,graph,mlp,graph,0.2063,0,0,0,1,0,0,0,1
91,37,contextual,1,attention_v2,mlp,attention_v2,0.8291,0,1,0,1,1,1,1,1
92,37,feature,0,mlp,mlp,attention,0.0879,0,1,0,1,0,0,1,0
93,37,relational,0,graph,attention_v2,graph,0.2145,0,0,0,1,0,0,1,1
94,37,feature,1,mlp,attention,graph,0.1357,1,1,0,0,1,1,1,0
95,37,feature,1,mlp,graph,graph,0.1427,1,1,0,0,1,1,1,0
96,37,contextual,0,attention_v2,mlp,attention_v2,0.1756,0,1,0,0,0,0,1,1
97,37,relational,0,graph,graph,graph,0.2227,0,0,0,1,0,0,1,1
98,37,relational,0,graph,graph,graph,0.1787,0,0,1,1,0,0,1,1
99,37,relational,0,graph,graph,graph,0.1535,0,0,0,0,0,0,1,1
100,37,relational,1,graph,attention,graph,0.1270,0,1,0,1,1,1,1,1
101,37,relational,0,graph,graph,graph,0.1338,0,0,0,0,0,0,1,1
102,37,relational,1,graph,graph,graph,0.3349,0,0,0,0,0,0,0,1
103,37,contextual,1,attention_v2,attention,attention_v2,0.2578,0,1,0,1,1,1,1,1
104,37,contextual,0,attention_v2,mlp,attention_v2,0.3045,0,1,0,0,0,0,1,1
105,37,feature,0,mlp,mlp,mlp,0.1683,0,1,1,0,0,0,1,1
106,37,feature,1,mlp,graph,graph,0.1287,1,1,0,0,1,1,1,0
107,37,contextual,0,attention_v2,attention,attention_v2,0.1483,0,0,0,0,0,0,1,1
108,37,contextual,1,attention_v2,attention_v2,attention_v2,0.3693,0,0,0,1,1,1,1,1
109,37,relational,1,graph,graph,graph,0.1132,0,1,0,0,1,1,1,1
110,37,contextual,0,attention_v2,graph,attention_v2,0.4182,0,0,0,0,0,0,1,1
111,37,contextual,0,attention_v2,attention_v2,attention_v2,0.2510,0,0,0,0,0,0,1,1
112,37,feature,0,mlp,attention_v2,mlp,0.1616,0,1,1,0,0,0,1,1
113,37,contextual,0,attention_v2,mlp,attention_v2,0.1696,0,0,1,0,0,0,1,1
114,37,relational,1,graph,attention_v2,graph,0.2284,0,0,0,0,0,0,0,1
115,37,relational,1,graph,attention_v2,graph,0.1665,0,1,0,1,1,1,1,1
116,37,contextual,1,attention_v2,attention_v2,attention_v2,0.4318,0,1,1,1,1,1,1,1
117,37,feature,0,mlp,mlp,mlp,0.1613,0,1,1,1,0,0,1,1
118,37,contextual,0,attention_v2,attention,attention_v2,0.1222,0,1,1,0,0,0,1,1
119,37,contextual,0,attention_v2,mlp,attention_v2,0.2706,0,1,1,0,0,0,1,1
120,37,relational,1,graph,mlp,graph,0.1991,0,0,0,0,0,0,0,1
121,37,relational,0,graph,graph,graph,0.1375,0,1,0,0,1,1,0,1
122,37,contextual,1,attention_v2,graph,attention_v2,0.4232,0,0,1,1,1,1,1,1
123,37,feature,1,mlp,graph,graph,0.1412,1,1,0,0,1,1,1,0
124,37,contextual,1,attention_v2,attention,attention_v2,0.4346,0,1,1,1,1,1,1,1
125,37,contextual,0,attention_v2,graph,attention_v2,0.3543,0,1,1,0,0,0,1,1
126,37,relational,0,graph,attention_v2,graph,0.1884,0,0,0,0,0,0,1,1
127,37,relational,0,graph,graph,graph,0.2115,0,0,0,0,0,0,1,1
128,37,feature,0,mlp,mlp,mlp,0.1626,0,1,1,0,0,0,1,1
129,37,relational,1,graph,attention_v2,graph,0.2443,0,1,0,0,1,1,1,1
130,37,contextual,0,attention_v2,graph,attention_v2,0.1302,0,0,0,0,0,0,1,1
131,37,relational,1,graph,mlp,graph,0.3330,0,1,1,1,1,1,1,1
132,37,contextual,0,attention_v2,attention,attention_v2,0.3719,0,1,1,0,0,0,1,1
133,37,feature,1,mlp,attention_v2,attention_v2,0.3589,1,1,0,1,1,1,1,0
134,37,relational,0,graph,mlp,graph,0.2218,0,0,0,1,0,0,1,1
135,37,contextual,1,attention_v2,attention,attention_v2,0.3154,0,0,1,1,1,1,1,1
136,37,contextual,0,attention_v2,attention_v2,attention_v2,0.2149,0,1,1,0,0,0,1,1
137,37,relational,0,graph,attention,graph,0.4925,0,0,1,1,0,0,1,1
138,37,contextual,0,attention_v2,mlp,attention_v2,0.1575,0,0,1,0,0,0,1,1
139,37,relational,0,graph,mlp,graph,0.2360,0,0,0,0,0,0,1,1
140,37,contextual,0,attention_v2,mlp,attention_v2,0.2609,0,0,0,0,0,0,1,1
141,37,relational,1,graph,attention,graph,0.1072,0,1,1,1,1,1,1,1
142,37,feature,1,mlp,attention_v2,attention_v2,0.3403,1,1,0,1,1,1,1,0
143,37,contextual,0,attention_v2,mlp,attention_v2,0.4246,0,0,0,0,0,0,1,1
144,37,feature,0,mlp,attention_v2,mlp,0.1714,0,1,1,0,0,0,1,1
145,37,feature,0,mlp,attention,attention,0.0871,0,1,0,1,0,0,1,0
146,37,feature,0,mlp,mlp,mlp,0.1671,0,1,1,0,0,0,1,1
147,37,contextual,0,attention_v2,graph,attention_v2,0.2601,0,0,0,0,0,0,1,1
148,37,feature,0,mlp,graph,attention,0.0886,0,1,0,1,0,0,1,0
149,37,feature,1,mlp,attention_v2,graph,0.1378,1,1,0,0,1,1,1,0
150,37,contextual,0,attention_v2,graph,attention_v2,0.2240,0,1,0,0,0,0,1,1
151,37,relational,0,graph,graph,graph,0.1786,0,0,1,1,0,0,1,1
152,37,contextual,1,attention_v2,graph,attention_v2,0.2479,0,1,1,1,1,1,1,1
153,37,contextual,1,attention_v2,attention,attention_v2,0.1432,0,1,0,1,1,1,1,1
154,37,contextual,1,attention_v2,attention_v2,attention_v2,0.1739,0,1,0,1,1,1,1,1
155,37,contextual,0,attention_v2,attention_v2,attention_v2,0.5949,0,0,0,0,0,0,1,1
156,37,feature,1,mlp,graph,graph,0.1418,1,1,0,0,1,1,1,0
157,37,feature,0,mlp,mlp,mlp,0.1679,0,1,1,0,0,0,1,1
158,37,contextual,0,attention_v2,mlp,attention_v2,0.2748,0,0,0,0,0,0,1,1
159,37,relational,0,graph,attention_v2,graph,0.5890,0,0,1,0,0,0,1,1
160,37,contextual,0,attention_v2,mlp,attention_v2,0.2234,0,0,1,0,0,0,1,1
161,37,contextual,0,attention_v2,attention_v2,attention_v2,0.9514,0,0,0,0,0,0,1,1
162,37,contextual,0,attention_v2,attention,attention_v2,0.3071,0,0,0,0,0,0,1,1
163,37,relational,0,graph,graph,graph,0.6744,0,1,1,1,1,1,0,1
164,37,feature,0,mlp,attention_v2,mlp,0.1616,0,1,1,0,0,0,1,1
165,37,feature,1,mlp,attention_v2,attention_v2,0.3615,1,1,0,1,1,1,1,0
166,37,relational,0,graph,attention_v2,graph,0.5820,0,1,1,1,1,1,0,1
167,37,feature,0,mlp,graph,attention,0.0870,0,1,0,1,0,0,1,0
168,37,feature,0,mlp,attention,mlp,0.1653,0,1,1,0,0,0,1,1
169,37,relational,0,graph,mlp,graph,0.1516,0,1,1,1,1,1,0,1
170,37,relational,1,graph,attention_v2,graph,0.1776,0,1,0,1,1,1,1,1
171,37,contextual,0,attention_v2,mlp,attention_v2,0.2219,0,0,1,0,0,0,1,1
172,37,relational,1,graph,attention_v2,graph,0.1452,0,1,0,0,1,1,1,1
173,37,feature,0,mlp,graph,attention,0.0901,0,1,0,1,0,0,1,0
174,37,relational,1,graph,attention_v2,graph,0.1431,0,1,0,1,1,1,1,1
175,37,relational,1,graph,attention,graph,0.1613,0,1,0,0,1,1,1,1
176,37,relational,0,graph,attention_v2,graph,0.8246,0,0,1,1,0,0,1,1
177,37,feature,1,mlp,graph,graph,0.1429,1,1,0,0,1,1,1,0
178,37,feature,1,mlp,attention_v2,attention_v2,0.3489,1,1,0,1,1,1,1,0
179,37,feature,1,mlp,attention_v2,attention_v2,0.3556,1,1,0,1,1,1,1,0
180,37,contextual,0,attention_v2,mlp,attention_v2,0.1043,0,1,0,0,0,0,1,1
181,37,contextual,0,attention_v2,mlp,attention_v2,0.3745,0,1,1,0,0,0,1,1
182,37,contextual,1,attention_v2,graph,attention_v2,0.3513,0,0,0,1,1,1,1,1
183,37,contextual,0,attention_v2,graph,attention_v2,0.2219,0,0,1,0,0,0,1,1
184,37,relational,1,graph,graph,graph,0.4919,0,1,1,0,1,1,1,1
185,37,contextual,1,attention_v2,attention_v2,attention_v2,0.2739,0,0,1,1,1,1,1,1
186,37,relational,0,graph,attention,graph,0.3624,0,0,1,0,0,0,1,1
187,37,relational,0,graph,mlp,graph,0.1749,0,0,0,0,0,0,1,1
188,37,feature,1,mlp,graph,attention_v2,0.3571,1,1,0,1,1,1,1,0
189,37,contextual,0,attention_v2,attention,attention_v2,0.5376,0,0,0,0,0,0,1,1
190,37,relational,0,graph,graph,graph,0.1167,0,0,0,0,0,0,1,1
191,37,contextual,0,attention_v2,graph,attention_v2,0.2802,0,1,1,0,0,0,1,1
192,37,relational,0,graph,attention,graph,0.2028,0,0,0,0,0,0,1,1
193,37,feature,1,mlp,mlp,attention_v2,0.3475,1,1,0,1,1,1,1,0
194,37,relational,0,graph,mlp,graph,0.1565,0,1,0,0,1,1,0,1
195,37,feature,1,mlp,attention_v2,attention_v2,0.3477,1,1,0,1,1,1,1,0
196,37,contextual,1,attention_v2,graph,attention_v2,0.4994,0,1,1,1,1,1,1,1
197,37,contextual,0,attention_v2,graph,attention_v2,0.1893,0,0,0,0,0,0,1,1
198,37,feature,0,mlp,attention,mlp,0.1645,0,1,1,0,0,0,1,1
199,37,contextual,0,attention_v2,graph,attention_v2,0.1728,0,0,0,0,0,0,1,1
200,37,feature,0,mlp,attention,attention,0.0855,0,1,0,1,0,0,1,0
201,37,feature,0,mlp,graph,attention,0.0883,0,1,0,1,0,0,1,0
202,37,relational,0,graph,graph,graph,0.1682,0,0,0,1,0,0,1,1
203,37,contextual,0,attention_v2,attention,attention_v2,0.8167,0,1,0,0,0,0,1,1
204,37,feature,0,mlp,attention_v2,mlp,0.1701,0,1,1,0,0,0,1,1
205,37,relational,0,graph,mlp,graph,0.5735,0,1,1,0,1,1,0,1
206,37,contextual,1,attention_v2,attention,attention_v2,0.6739,0,1,0,1,1,1,1,1
207,37,relational,0,graph,attention,graph,0.4222,0,0,1,1,0,0,1,1
208,37,relational,1,graph,graph,graph,0.5862,0,1,1,1,1,1,1,1
209,37,relational,0,graph,attention,graph,0.1501,0,0,0,0,0,0,1,1
210,37,feature,0,mlp,graph,attention,0.0896,0,1,0,1,0,0,1,0
211,37,relational,0,graph,attention,graph,0.1640,0,1,0,0,1,1,0,1
212,37,feature,0,mlp,attention,attention,0.0862,0,1,0,1,0,0,1,0
213,37,relational,1,graph,mlp,graph,0.1102,0,1,0,0,1,1,1,1
214,37,feature,0,mlp,attention_v2,attention,0.0940,0,1,0,1,0,0,1,0
215,37,feature,1,mlp,attention_v2,attention_v2,0.3633,1,1,0,1,1,1,1,0
216,37,relational,0,graph,graph,graph,0.2162,0,0,0,0,0,0,1,1
217,37,feature,0,mlp,graph,mlp,0.1637,0,1,1,0,0,0,1,1
218,37,contextual,0,attention_v2,attention_v2,attention_v2,0.3805,0,0,0,0,0,0,1,1
219,37,contextual,1,attention_v2,mlp,attention_v2,0.3791,0,0,0,1,1,1,1,1
220,37,contextual,1,attention_v2,mlp,attention_v2,0.1643,0,0,1,1,1,1,1,1
221,37,contextual,0,attention_v2,graph,attention_v2,0.2700,0,1,0,0,0,0,1,1
222,37,relational,0,graph,attention_v2,graph,0.4870,0,0,1,1,0,0,1,1
223,37,relational,0,graph,attention,graph,0.1943,0,0,0,1,0,0,1,1
224,37,relational,1,graph,mlp,graph,0.1575,0,1,0,0,1,1,1,1
225,37,contextual,0,attention_v2,mlp,attention_v2,0.4711,0,0,1,0,0,0,1,1
226,37,relational,0,graph,attention,graph,0.2766,0,0,0,1,0,0,1,1
227,37,relational,1,graph,graph,graph,0.1944,0,0,0,0,0,0,0,1
228,37,contextual,0,attention_v2,mlp,attention_v2,0.6374,0,1,0,0,0,0,1,1
229,37,feature,0,mlp,mlp,mlp,0.1622,0,1,1,1,0,0,1,1
230,37,relational,1,graph,attention_v2,graph,0.2279,0,1,0,1,1,1,1,1
231,37,relational,1,graph,attention,graph,0.2264,0,1,1,0,1,1,1,1
232,37,contextual,0,attention_v2,attention_v2,attention_v2,0.5824,0,1,1,0,0,0,1,1
233,37,feature,0,mlp,attention_v2,attention,0.0849,0,1,0,1,0,0,1,0
234,37,contextual,1,attention_v2,graph,attention_v2,0.2114,0,0,0,1,1,1,1,1
235,37,contextual,0,attention_v2,graph,attention_v2,0.2290,0,0,0,0,0,0,1,1
236,37,feature,1,mlp,attention,graph,0.1375,1,1,0,0,1,1,1,0
237,37,feature,0,mlp,graph,mlp,0.1658,0,1,1,0,0,0,1,1
238,37,feature,0,mlp,attention,mlp,0.1649,0,1,1,0,0,0,1,1
239,37,relational,1,graph,attention,graph,0.4494,0,1,1,1,1,1,1,1
240,37,feature,0,mlp,attention_v2,attention,0.0890,0,1,0,1,0,0,1,0
241,37,relational,0,graph,attention_v2,graph,0.2097,0,0,1,1,0,0,1,1
242,37,relational,1,graph,graph,graph,0.7074,0,1,1,0,1,1,1,1
243,37,feature,1,mlp,attention,attention_v2,0.3651,1,1,0,1,1,1,1,0
244,37,relational,1,graph,mlp,graph,0.2195,0,1,1,1,1,1,1,1
245,37,contextual,1,attention_v2,attention_v2,attention_v2,0.2615,0,0,0,1,1,1,1,1
246,37,contextual,0,attention_v2,attention_v2,attention_v2,0.9413,0,0,1,0,0,0,1,1
247,37,relational,0,graph,mlp,graph,0.1870,0,0,0,1,0,0,1,1
248,37,feature,0,mlp,attention_v2,mlp,0.1641,0,1,1,0,0,0,1,1
249,37,feature,1,mlp,graph,graph,0.1423,1,1,0,0,1,1,1,0
250,37,relational,1,graph,graph,graph,0.6710,0,1,1,1,1,1,1,1
251,37,contextual,0,attention_v2,graph,attention_v2,0.1666,0,1,1,0,0,0,1,1
252,37,feature,0,mlp,graph,attention,0.0861,0,1,0,1,0,0,1,0
253,37,relational,0,graph,attention,graph,0.1432,0,1,0,0,1,1,0,1
254,37,relational,1,graph,attention_v2,graph,0.5324,0,1,1,1,1,1,1,1
255,37,relational,1,graph,mlp,graph,0.9269,0,1,1,1,1,1,1,1
256,37,contextual,1,attention_v2,attention,attention_v2,0.2244,0,0,0,1,1,1,1,1
257,37,contextual,1,attention_v2,attention,attention_v2,0.1752,0,1,1,1,1,1,1,1
258,37,relational,0,graph,mlp,graph,0.2610,0,0,0,0,0,0,1,1
259,37,feature,1,mlp,attention_v2,graph,0.1377,1,1,0,0,1,1,1,0
260,37,relational,1,graph,attention_v2,graph,0.1367,0,1,0,1,1,1,1,1
261,37,relational,1,graph,attention_v2,graph,0.4501,0,1,1,0,1,1,1,1
262,37,contextual,0,attention_v2,attention,attention_v2,0.3379,0,0,0,0,0,0,1,1
263,37,feature,0,mlp,attention_v2,mlp,0.1647,0,1,1,1,0,0,1,1
264,37,relational,1,graph,graph,graph,0.2276,0,1,1,1,1,1,1,1
265,37,contextual,1,attention_v2,mlp,attention_v2,0.2257,0,1,1,1,1,1,1,1
266,37,relational,0,graph,attention_v2,graph,0.2154,0,0,0,0,0,0,1,1
267,37,relational,0,graph,attention_v2,graph,0.1788,0,1,1,0,1,1,0,1
268,37,contextual,0,attention_v2,graph,attention_v2,0.4088,0,0,1,0,0,0,1,1
269,37,feature,0,mlp,graph,attention,0.0836,0,1,0,1,0,0,1,0
270,37,feature,1,mlp,graph,graph,0.1381,1,1,0,0,1,1,1,0
271,37,feature,0,mlp,mlp,attention,0.0898,0,1,0,1,0,0,1,0
272,37,relational,1,graph,graph,graph,0.2210,0,1,0,0,1,1,1,1
273,37,feature,0,mlp,mlp,mlp,0.1670,0,1,1,0,0,0,1,1
274,37,contextual,1,attention_v2,mlp,attention_v2,0.3175,0,0,0,1,1,1,1,1
275,37,contextual,0,attention_v2,mlp,attention_v2,0.1986,0,0,0,0,0,0,1,1
276,37,feature,1,mlp,graph,graph,0.1394,1,1,0,0,1,1,1,0
277,37,relational,0,graph,mlp,graph,0.2549,0,0,1,1,0,0,1,1
278,37,contextual,0,attention_v2,graph,attention_v2,0.3145,0,0,0,0,0,0,1,1
279,37,feature,0,mlp,attention_v2,attention,0.0897,0,1,0,1,0,0,1,0
280,37,relational,0,graph,attention,graph,0.4526,0,0,1,1,0,0,1,1
281,37,contextual,0,attention_v2,attention,attention_v2,0.1567,0,0,0,0,0,0,1,1
282,37,feature,0,mlp,graph,mlp,0.1656,0,1,1,0,0,0,1,1
283,37,contextual,1,attention_v2,graph,attention_v2,0.3083,0,0,0,1,1,1,1,1
284,37,feature,0,mlp,attention,mlp,0.1661,0,1,1,0,0,0,1,1
285,37,contextual,0,attention_v2,attention_v2,attention_v2,0.7867,0,1,1,0,0,0,1,1
286,37,contextual,1,attention_v2,mlp,attention_v2,0.6292,0,1,0,1,1,1,1,1
287,37,relational,1,graph,mlp,graph,0.1234,0,1,0,0,1,1,1,1
288,37,contextual,1,attention_v2,attention,attention_v2,0.2054,0,0,1,1,1,1,1,1
289,37,contextual,0,attention_v2,attention,attention_v2,0.1871,0,0,0,0,0,0,1,1
290,37,contextual,0,attention_v2,graph,attention_v2,0.2029,0,0,1,0,0,0,1,1
291,37,relational,1,graph,graph,graph,0.2439,0,1,0,0,1,1,1,1
292,37,relational,1,graph,attention_v2,graph,0.0835,0,1,1,1,1,1,1,1
293,37,relational,1,graph,attention_v2,graph,0.2730,0,1,0,0,1,1,1,1
294,37,relational,0,graph,attention_v2,graph,0.3011,0,0,1,1,0,0,1,1
295,37,feature,0,mlp,graph,mlp,0.1600,0,1,1,0,0,0,1,1
296,37,contextual,0,attention_v2,attention_v2,attention_v2,0.8106,0,1,1,0,0,0,1,1
297,37,feature,0,mlp,mlp,mlp,0.1641,0,1,1,0,0,0,1,1
298,37,relational,1,graph,attention,graph,0.1609,0,1,0,1,1,1,1,1
299,37,feature,0,mlp,graph,attention,0.0909,0,1,0,1,0,0,1,0
300,37,contextual,0,attention_v2,mlp,attention_v2,0.3274,0,1,1,0,0,0,1,1
301,37,contextual,1,attention_v2,attention_v2,attention_v2,0.3803,0,0,0,1,1,1,1,1
302,37,contextual,1,attention_v2,graph,attention_v2,0.4057,0,1,1,1,1,1,1,1
303,37,feature,0,mlp,attention_v2,attention,0.0875,0,1,0,1,0,0,1,0
304,37,feature,1,mlp,attention,graph,0.1384,1,1,0,0,1,1,1,0
305,37,contextual,0,attention_v2,attention,attention_v2,0.2063,0,0,0,0,0,0,1,1
306,37,contextual,0,attention_v2,attention,attention_v2,0.1916,0,0,0,0,0,0,1,1
307,37,feature,1,mlp,graph,attention_v2,0.3506,1,1,0,1,1,1,1,0
308,37,contextual,1,attention_v2,attention_v2,attention_v2,0.4479,0,1,0,1,1,1,1,1
309,37,contextual,1,attention_v2,mlp,attention_v2,0.1372,0,1,1,1,1,1,1,1
310,37,contextual,0,attention_v2,attention_v2,attention_v2,0.3346,0,0,0,0,0,0,1,1
311,37,contextual,1,attention_v2,mlp,attention_v2,0.5001,0,1,1,1,1,1,1,1
312,37,relational,0,graph,attention,graph,0.1659,0,0,1,0,0,0,1,1
313,37,feature,1,mlp,attention,graph,0.1330,1,1,0,0,1,1,1,0
314,37,feature,1,mlp,attention,graph,0.1408,1,1,0,0,1,1,1,0
315,37,contextual,1,attention_v2,attention,attention_v2,0.1877,0,0,0,1,1,1,1,1
316,37,relational,1,graph,mlp,graph,0.9307,0,1,1,0,1,1,1,1
317,37,relational,0,graph,graph,graph,0.2961,0,0,1,1,0,0,1,1
318,37,relational,0,graph,attention_v2,graph,0.1620,0,0,0,1,0,0,1,1
319,37,feature,0,mlp,attention,mlp,0.1722,0,1,1,0,0,0,1,1
320,37,relational,1,graph,mlp,graph,0.1123,0,1,0,1,1,1,1,1
321,37,feature,1,mlp,attention_v2,graph,0.1372,1,1,0,0,1,1,1,0
322,37,contextual,0,attention_v2,mlp,attention_v2,0.7157,0,0,1,0,0,0,1,1
323,37,contextual,0,attention_v2,attention_v2,attention_v2,0.1284,0,0,0,0,0,0,1,1
324,37,relational,1,graph,graph,graph,0.3105,0,1,1,1,1,1,1,1
325,37,feature,0,mlp,mlp,mlp,0.1689,0,1,1,0,0,0,1,1
326,37,relational,1,graph,attention_v2,graph,0.5006,0,1,0,0,1,1,1,1
327,37,contextual,0,attention_v2,graph,attention_v2,0.2021,0,1,1,0,0,0,1,1
328,37,relational,0,graph,mlp,graph,0.3172,0,0,1,0,0,0,1,1
329,37,relational,1,graph,attention,graph,0.2398,0,1,1,1,1,1,1,1
330,37,feature,0,mlp,graph,attention,0.0909,0,1,0,1,0,0,1,0
331,37,feature,0,mlp,mlp,attention,0.0875,0,1,0,1,0,0,1,0
332,37,relational,0,graph,mlp,graph,0.2082,0,0,1,1,0,0,1,1
333,37,relational,1,graph,attention,graph,0.1501,0,1,0,1,1,1,1,1
334,37,contextual,1,attention_v2,attention_v2,attention_v2,0.2447,0,1,1,1,1,1,1,1
335,37,feature,1,mlp,graph,attention_v2,0.3594,1,1,0,1,1,1,1,0
336,37,feature,1,mlp,mlp,attention_v2,0.3605,1,1,0,1,1,1,1,0
337,37,relational,0,graph,attention,graph,0.1337,0,1,0,0,1,1,0,1
338,37,contextual,0,attention_v2,mlp,attention_v2,0.3430,0,1,1,0,0,0,1,1
339,37,feature,1,mlp,mlp,attention_v2,0.3447,1,1,0,1,1,1,1,0
340,37,feature,0,mlp,mlp,attention,0.0884,0,1,0,1,0,0,1,0
341,37,feature,0,mlp,attention_v2,attention,0.0912,0,1,0,1,0,0,1,0
342,37,feature,0,mlp,graph,attention,0.0869,0,1,0,1,0,0,1,0
343,37,feature,0,mlp,attention,attention,0.0848,0,1,0,1,0,0,1,0
344,37,feature,1,mlp,graph,attention_v2,0.3513,1,1,0,1,1,1,1,0
345,37,relational,0,graph,attention_v2,graph,0.1504,0,0,0,1,0,0,1,1
346,37,feature,1,mlp,attention_v2,attention_v2,0.3496,1,1,0,1,1,1,1,0
347,37,feature,0,mlp,graph,mlp,0.1628,0,1,1,0,0,0,1,1
348,37,contextual,1,attention_v2,mlp,attention_v2,0.2471,0,0,0,1,1,1,1,1
349,37,relational,0,graph,attention,graph,0.1332,0,1,0,0,1,1,0,1
350,37,relational,1,graph,attention,graph,0.1562,0,1,0,0,1,1,1,1
351,37,contextual,0,attention_v2,mlp,attention_v2,0.2061,0,0,0,0,0,0,1,1
352,37,relational,0,graph,attention_v2,graph,0.2236,0,1,1,1,1,1,0,1
353,37,feature,1,mlp,mlp,graph,0.1330,1,1,0,0,1,1,1,0
354,37,contextual,0,attention_v2,attention,attention_v2,0.2844,0,1,1,0,0,0,1,1
355,37,relational,1,graph,attention_v2,graph,0.2860,0,0,0,1,0,0,0,1
356,37,feature,1,mlp,graph,attention_v2,0.3567,1,1,0,1,1,1,1,0
357,37,relational,1,graph,attention,graph,0.4035,0,0,1,0,0,0,0,1
358,37,contextual,1,attention_v2,graph,attention_v2,0.6552,0,1,1,1,1,1,1,1
359,37,contextual,0,attention_v2,graph,attention_v2,0.3832,0,1,1,0,0,0,1,1
360,37,relational,1,graph,mlp,graph,0.1466,0,1,0,0,1,1,1,1
361,37,feature,0,mlp,attention,attention,0.0870,0,1,0,1,0,0,1,0
362,37,relational,1,graph,graph,graph,0.1118,0,1,0,1,1,1,1,1
363,37,feature,0,mlp,mlp,mlp,0.1678,0,1,1,0,0,0,1,1
364,37,relational,0,graph,attention,graph,0.1873,0,0,0,1,0,0,1,1
365,37,relational,0,graph,mlp,graph,0.3546,0,0,0,1,0,0,1,1
366,37,feature,0,mlp,attention,attention,0.0850,0,1,0,1,0,0,1,0
367,37,contextual,1,attention_v2,graph,attention_v2,0.2121,0,0,0,1,1,1,1,1
368,37,relational,1,graph,graph,graph,0.1645,0,0,0,0,0,0,0,1
369,37,contextual,1,attention_v2,attention,attention_v2,0.9131,0,1,1,1,1,1,1,1
370,37,relational,0,graph,graph,graph,0.2731,0,0,0,1,0,0,1,1
371,37,contextual,0,attention_v2,attention_v2,attention_v2,0.3081,0,0,0,0,0,0,1,1
372,37,feature,1,mlp,attention_v2,attention_v2,0.3595,1,1,0,1,1,1,1,0
373,37,relational,1,graph,mlp,graph,0.2669,0,1,0,1,1,1,1,1
374,37,feature,1,mlp,mlp,attention_v2,0.3531,1,1,0,1,1,1,1,0
375,37,feature,1,mlp,graph,graph,0.1408,1,1,0,0,1,1,1,0
376,37,contextual,0,attention_v2,attention_v2,attention_v2,0.3322,0,1,1,0,0,0,1,1
377,37,feature,0,mlp,graph,mlp,0.1654,0,1,1,0,0,0,1,1
378,37,contextual,0,attention_v2,attention_v2,attention_v2,0.6655,0,0,1,0,0,0,1,1
379,37,relational,1,graph,mlp,graph,0.1645,0,1,0,1,1,1,1,1
380,37,feature,1,mlp,graph,attention_v2,0.3465,1,1,0,1,1,1,1,0
381,37,relational,1,graph,attention_v2,graph,0.6141,0,1,1,1,1,1,1,1
382,37,feature,1,mlp,attention_v2,graph,0.1423,1,1,0,0,1,1,1,0
383,37,contextual,0,attention_v2,mlp,attention_v2,0.1733,0,1,1,0,0,0,1,1
384,37,contextual,0,attention_v2,attention,attention_v2,0.2104,0,0,0,0,0,0,1,1
385,37,contextual,0,attention_v2,attention,attention_v2,0.3591,0,0,0,0,0,0,1,1
386,37,contextual,1,attention_v2,mlp,attention_v2,0.2282,0,0,1,1,1,1,1,1
387,37,relational,0,graph,attention,graph,0.2114,0,0,0,1,0,0,1,1
388,37,contextual,1,attention_v2,graph,attention_v2,0.3874,0,0,0,1,1,1,1,1
389,37,feature,1,mlp,attention,attention_v2,0.3538,1,1,0,1,1,1,1,0
390,37,relational,0,graph,attention,graph,0.1204,0,1,0,1,1,1,0,1
391,37,feature,0,mlp,attention_v2,mlp,0.1603,0,1,1,0,0,0,1,1
392,37,feature,1,mlp,graph,attention_v2,0.3533,1,1,0,1,1,1,1,0
393,37,contextual,1,attention_v2,attention_v2,attention_v2,0.3575,0,1,1,1,1,1,1,1
394,37,relational,0,graph,attention_v2,graph,0.1531,0,0,0,0,0,0,1,1
395,37,feature,1,mlp,graph,graph,0.1288,1,1,0,0,1,1,1,0
396,37,contextual,1,attention_v2,mlp,attention_v2,0.2837,0,0,1,1,1,1,1,1
397,37,feature,1,mlp,attention_v2,graph,0.1300,1,1,0,0,1,1,1,0
398,37,contextual,0,attention_v2,mlp,attention_v2,0.4122,0,0,0,0,0,0,1,1
399,37,feature,1,mlp,attention_v2,attention_v2,0.3408,1,1,0,1,1,1,1,0
400,37,contextual,1,attention_v2,graph,attention_v2,0.2495,0,0,0,1,1,1,1,1
401,37,relational,0,graph,graph,graph,0.2144,0,0,0,1,0,0,1,1
402,37,contextual,1,attention_v2,attention_v2,attention_v2,0.1716,0,1,0,1,1,1,1,1
403,37,feature,0,mlp,attention,mlp,0.1701,0,1,1,0,0,0,1,1
404,37,contextual,1,attention_v2,mlp,attention_v2,0.3482,0,0,1,1,1,1,1,1
405,37,feature,0,mlp,graph,attention,0.0864,0,1,0,1,0,0,1,0
406,37,contextual,1,attention_v2,attention_v2,attention_v2,0.2746,0,1,1,1,1,1,1,1
407,37,feature,1,mlp,attention_v2,attention_v2,0.3659,1,1,0,1,1,1,1,0
408,37,contextual,0,attention_v2,attention_v2,attention_v2,0.3033,0,0,0,0,0,0,1,1
409,37,feature,0,mlp,attention_v2,mlp,0.1622,0,1,1,1,0,0,1,1
410,37,contextual,0,attention_v2,attention,attention_v2,0.2872,0,0,1,0,0,0,1,1
411,37,relational,1,graph,mlp,graph,0.4431,0,0,1,0,0,0,0,1
412,37,relational,1,graph,graph,graph,0.3149,0,1,1,1,1,1,1,1
413,37,feature,1,mlp,graph,graph,0.1421,1,1,0,0,1,1,1,0
414,37,feature,1,mlp,mlp,attention_v2,0.3391,1,1,0,1,1,1,1,0
415,37,relational,1,graph,graph,graph,0.1178,0,1,0,0,1,1,1,1
416,37,feature,1,mlp,attention,graph,0.1300,1,1,0,0,1,1,1,0
417,37,contextual,1,attention_v2,mlp,attention_v2,0.1491,0,0,0,1,1,1,1,1
418,37,relational,1,graph,graph,graph,0.8087,0,0,1,1,0,0,0,1
419,37,contextual,1,attention_v2,graph,attention_v2,0.7355,0,1,0,1,1,1,1,1
420,37,contextual,0,attention_v2,attention_v2,attention_v2,0.5060,0,1,0,0,0,0,1,1
421,37,relational,0,graph,attention,graph,0.4396,0,0,1,0,0,0,1,1
422,37,contextual,0,attention_v2,mlp,attention_v2,0.1244,0,0,0,0,0,0,1,1
423,37,contextual,1,attention_v2,attention,attention_v2,0.3154,0,0,0,1,1,1,1,1
424,37,contextual,0,attention_v2,graph,attention_v2,0.2828,0,0,0,0,0,0,1,1
425,37,contextual,1,attention_v2,mlp,attention_v2,0.3040,0,1,1,1,1,1,1,1
426,37,contextual,1,attention_v2,graph,attention_v2,0.2034,0,1,0,1,1,1,1,1
427,37,contextual,1,attention_v2,attention,attention_v2,0.3368,0,0,0,1,1,1,1,1
428,37,contextual,1,attention_v2,mlp,attention_v2,0.2699,0,1,1,1,1,1,1,1
429,37,relational,0,graph,mlp,graph,0.1316,0,1,0,1,1,1,0,1
430,37,feature,1,mlp,attention,graph,0.1275,1,1,0,0,1,1,1,0
431,37,relational,1,graph,graph,graph,0.2556,0,0,0,0,0,0,0,1
432,37,contextual,1,attention_v2,attention,attention_v2,0.1840,0,0,0,1,1,1,1,1
433,37,relational,0,graph,attention_v2,graph,0.1871,0,1,1,0,1,1,0,1
434,37,feature,0,mlp,attention_v2,mlp,0.1712,0,1,1,0,0,0,1,1
435,37,feature,1,mlp,graph,graph,0.1355,1,1,0,0,1,1,1,0
436,37,feature,0,mlp,mlp,attention,0.0861,0,1,0,1,0,0,1,0
437,37,feature,1,mlp,attention,graph,0.1301,1,1,0,0,1,1,1,0
438,37,relational,1,graph,graph,graph,0.2736,0,1,0,0,1,1,1,1
439,37,contextual,1,attention_v2,mlp,attention_v2,0.2792,0,1,0,1,1,1,1,1
440,37,contextual,1,attention_v2,graph,attention_v2,0.9328,0,1,1,1,1,1,1,1
441,37,relational,1,graph,mlp,graph,0.5257,0,1,1,0,1,1,1,1
442,37,relational,0,graph,attention,graph,0.3159,0,0,1,1,0,0,1,1
443,37,feature,0,mlp,mlp,attention,0.0858,0,1,0,1,0,0,1,0
444,37,contextual,1,attention_v2,attention_v2,attention_v2,0.2121,0,0,0,1,1,1,1,1
445,37,feature,1,mlp,mlp,graph,0.1320,1,1,0,0,1,1,1,0
446,37,feature,0,mlp,graph,mlp,0.1670,0,1,1,0,0,0,1,1
447,37,contextual,0,attention_v2,graph,attention_v2,0.2737,0,0,0,0,0,0,1,1
448,37,relational,1,graph,attention,graph,0.2381,0,1,0,1,1,1,1,1
449,37,relational,0,graph,mlp,graph,0.1406,0,0,0,1,0,0,1,1
450,37,relational,1,graph,attention,graph,0.1734,0,1,1,1,1,1,1,1
451,37,feature,1,mlp,attention,attention_v2,0.3521,1,1,0,1,1,1,1,0
452,37,relational,0,graph,attention_v2,graph,0.2496,0,1,1,1,1,1,0,1
453,37,relational,0,graph,attention_v2,graph,0.4032,0,0,1,1,0,0,1,1
454,37,contextual,1,attention_v2,graph,attention_v2,0.6515,0,1,0,1,1,1,1,1
455,37,feature,0,mlp,attention_v2,attention,0.0885,0,1,0,1,0,0,1,0
456,37,feature,1,mlp,attention,graph,0.1314,1,1,0,0,1,1,1,0
457,37,feature,1,mlp,mlp,attention_v2,0.3623,1,1,0,1,1,1,1,0
458,37,relational,1,graph,attention,graph,0.1372,0,1,0,0,1,1,1,1
459,37,feature,0,mlp,graph,attention,0.0882,0,1,0,1,0,0,1,0
460,37,feature,0,mlp,attention,attention,0.0922,0,1,0,1,0,0,1,0
461,37,contextual,1,attention_v2,mlp,attention_v2,0.2551,0,0,0,1,1,1,1,1
462,37,feature,0,mlp,mlp,attention,0.0869,0,1,0,1,0,0,1,0
463,37,relational,0,graph,mlp,graph,0.1179,0,1,0,1,1,1,0,1
464,37,contextual,1,attention_v2,mlp,attention_v2,0.4191,0,0,0,1,1,1,1,1
465,37,contextual,0,attention_v2,attention_v2,attention_v2,0.2330,0,0,1,0,0,0,1,1
466,37,contextual,1,attention_v2,mlp,attention_v2,0.3676,0,0,1,1,1,1,1,1
467,37,feature,0,mlp,attention_v2,mlp,0.1658,0,1,1,0,0,0,1,1
468,37,relational,0,graph,attention,graph,0.3140,0,0,1,1,0,0,1,1
469,37,contextual,1,attention_v2,attention_v2,attention_v2,0.4212,0,0,0,1,1,1,1,1
470,37,relational,1,graph,mlp,graph,0.3072,0,0,0,1,0,0,0,1
471,37,relational,0,graph,attention_v2,graph,0.2103,0,0,0,1,0,0,1,1
472,37,feature,0,mlp,attention_v2,mlp,0.1659,0,1,1,1,0,0,1,1
473,37,feature,0,mlp,attention_v2,mlp,0.1586,0,1,1,0,0,0,1,1
474,37,feature,0,mlp,graph,attention,0.0914,0,1,0,1,0,0,1,0
475,37,relational,1,graph,attention,graph,0.5040,0,1,1,1,1,1,1,1
476,37,relational,0,graph,attention_v2,graph,0.9152,0,1,1,0,1,1,0,1
477,37,feature,1,mlp,mlp,attention_v2,0.3514,1,1,0,1,1,1,1,0
478,37,relational,0,graph,graph,graph,0.8818,0,1,1,0,1,1,0,1
479,37,relational,1,graph,attention_v2,graph,0.1449,0,1,0,0,1,1,1,1
480,37,feature,1,mlp,graph,graph,0.1402,1,1,0,0,1,1,1,0
481,37,contextual,0,attention_v2,attention_v2,attention_v2,0.3342,0,0,0,0,0,0,1,1
482,37,relational,0,graph,attention_v2,graph,0.2291,0,0,0,0,0,0,1,1
483,37,relational,0,graph,graph,graph,0.2460,0,0,0,0,0,0,1,1
484,37,feature,0,mlp,graph,attention,0.0874,0,1,0,1,0,0,1,0
485,37,contextual,0,attention_v2,graph,attention_v2,0.2895,0,0,0,0,0,0,1,1
486,37,relational,1,graph,mlp,graph,0.2568,0,0,0,0,0,0,0,1
487,37,feature,1,mlp,mlp,attention_v2,0.3444,1,1,0,1,1,1,1,0
488,37,feature,0,mlp,attention,attention,0.0881,0,1,0,1,0,0,1,0
489,37,feature,0,mlp,attention_v2,attention,0.0894,0,1,0,1,0,0,1,0
490,37,contextual,0,attention_v2,attention_v2,attention_v2,0.6237,0,0,0,0,0,0,1,1
491,37,contextual,1,attention_v2,attention_v2,attention_v2,0.1312,0,0,0,1,1,1,1,1
492,37,contextual,0,attention_v2,attention,attention_v2,0.1039,0,1,0,1,1,1,0,1
493,37,feature,1,mlp,graph,graph,0.1412,1,1,0,0,1,1,1,0
494,37,contextual,0,attention_v2,graph,attention_v2,0.6420,0,0,1,0,0,0,1,1
495,37,contextual,1,attention_v2,mlp,attention_v2,0.2347,0,1,1,1,1,1,1,1
496,37,relational,0,graph,attention,graph,0.1434,0,0,0,1,0,0,1,1
497,37,contextual,0,attention_v2,mlp,attention_v2,0.3718,0,1,1,0,0,0,1,1
498,37,feature,1,mlp,mlp,attention_v2,0.3556,1,1,0,1,1,1,1,0
499,37,contextual,1,attention_v2,graph,attention_v2,0.5972,0,1,1,1,1,1,1,1
500,37,contextual,1,attention_v2,graph,attention_v2,0.4628,0,1,0,1,1,1,1,1
501,37,contextual,0,attention_v2,mlp,attention_v2,0.1675,0,0,0,0,0,0,1,1
502,37,feature,0,mlp,graph,attention,0.0889,0,1,0,1,0,0,1,0
503,37,relational,1,graph,mlp,graph,0.1402,0,1,0,1,1,1,1,1
504,37,contextual,1,attention_v2,attention,attention_v2,0.3642,0,1,1,1,1,1,1,1
505,37,feature,1,mlp,graph,attention_v2,0.3508,1,1,0,1,1,1,1,0
506,37,relational,1,graph,attention_v2,graph,0.1801,0,0,0,0,0,0,0,1
507,37,feature,0,mlp,graph,mlp,0.1678,0,1,1,0,0,0,1,1
508,37,relational,0,graph,graph,graph,0.2985,0,0,1,1,0,0,1,1
509,37,feature,0,mlp,attention,mlp,0.1680,0,1,1,1,0,0,1,1
510,37,contextual,0,attention_v2,mlp,attention_v2,0.3342,0,0,0,0,0,0,1,1
511,37,contextual,1,attention_v2,attention,attention_v2,0.4619,0,0,0,1,1,1,1,1
512,37,contextual,1,attention_v2,mlp,attention_v2,0.2727,0,1,1,1,1,1,1,1
513,37,feature,1,mlp,graph,attention_v2,0.3520,1,1,0,1,1,1,1,0
514,37,contextual,1,attention_v2,mlp,attention_v2,0.1618,0,0,0,1,1,1,1,1
515,37,feature,1,mlp,attention_v2,attention_v2,0.3601,1,1,0,1,1,1,1,0
516,37,relational,0,graph,mlp,graph,0.1803,0,1,1,1,1,1,0,1
517,37,relational,0,graph,graph,graph,0.2531,0,1,1,1,1,1,0,1
518,37,contextual,0,attention_v2,attention,attention_v2,0.2136,0,0,0,0,0,0,1,1
519,37,relational,1,graph,graph,graph,0.1498,0,1,0,1,1,1,1,1
520,37,feature,0,mlp,attention,attention,0.0901,0,1,0,1,0,0,1,0
521,37,contextual,0,attention_v2,attention,attention_v2,0.2818,0,0,0,0,0,0,1,1
522,37,relational,1,graph,attention,graph,0.2680,0,1,1,0,1,1,1,1
523,37,feature,0,mlp,attention,mlp,0.1678,0,1,1,0,0,0,1,1
524,37,contextual,0,attention_v2,attention_v2,attention_v2,0.3633,0,0,0,0,0,0,1,1
525,37,relational,1,graph,attention_v2,graph,0.1711,0,1,0,1,1,1,1,1
526,37,feature,0,mlp,mlp,attention,0.0871,0,1,0,1,0,0,1,0
527,37,feature,1,mlp,attention_v2,graph,0.1414,1,1,0,0,1,1,1,0
528,37,contextual,0,attention_v2,attention,attention_v2,0.2430,0,0,0,0,0,0,1,1
529,37,relational,0,graph,mlp,graph,0.1678,0,0,0,1,0,0,1,1
530,37,feature,0,mlp,attention,attention,0.0862,0,1,0,1,0,0,1,0
531,37,contextual,0,attention_v2,mlp,attention_v2,0.8337,0,0,1,0,0,0,1,1
532,37,feature,0,mlp,mlp,mlp,0.1644,0,1,1,0,0,0,1,1
533,37,relational,1,graph,attention,graph,1.0251,0,1,1,0,1,1,1,1
534,37,contextual,0,attention_v2,graph,attention_v2,0.4230,0,1,1,0,0,0,1,1
535,37,relational,0,graph,attention_v2,graph,0.1828,0,0,0,1,0,0,1,1
536,37,feature,1,mlp,graph,graph,0.1388,1,1,0,0,1,1,1,0
537,37,feature,0,mlp,attention_v2,mlp,0.1637,0,1,1,0,0,0,1,1
538,37,contextual,1,attention_v2,graph,attention_v2,0.4598,0,0,0,1,1,1,1,1
539,37,feature,0,mlp,mlp,attention,0.0891,0,1,0,1,0,0,1,0
540,37,feature,0,mlp,attention_v2,mlp,0.1591,0,1,1,0,0,0,1,1
541,37,contextual,1,attention_v2,mlp,attention_v2,0.1974,0,1,1,1,1,1,1,1
542,37,feature,1,mlp,mlp,attention_v2,0.3550,1,1,0,1,1,1,1,0
543,37,relational,0,graph,graph,graph,0.2038,0,1,0,0,1,1,0,1
544,37,relational,1,graph,mlp,graph,0.2134,0,1,0,1,1,1,1,1
545,37,contextual,1,attention_v2,mlp,attention_v2,0.3819,0,0,0,1,1,1,1,1
546,37,contextual,1,attention_v2,graph,attention_v2,0.2440,0,1,1,1,1,1,1,1
547,37,contextual,1,attention_v2,mlp,attention_v2,0.4641,0,0,0,1,1,1,1,1
548,37,feature,0,mlp,graph,attention,0.0918,0,1,0,1,0,0,1,0
549,37,feature,1,mlp,mlp,graph,0.1394,1,1,0,0,1,1,1,0
550,37,feature,1,mlp,attention,attention_v2,0.3561,1,1,0,1,1,1,1,0
551,37,feature,0,mlp,attention_v2,attention,0.0832,0,1,0,1,0,0,1,0
552,37,contextual,1,attention_v2,mlp,attention_v2,0.4316,0,0,0,1,1,1,1,1
553,37,feature,0,mlp,attention,attention,0.0915,0,1,0,1,0,0,1,0
554,37,feature,1,mlp,attention_v2,graph,0.1350,1,1,0,0,1,1,1,0
555,37,contextual,0,attention_v2,mlp,attention_v2,0.2160,0,1,1,0,0,0,1,1
556,37,contextual,0,attention_v2,attention,attention_v2,0.3595,0,0,0,0,0,0,1,1
557,37,relational,1,graph,attention_v2,graph,0.5588,0,1,1,1,1,1,1,1
558,37,contextual,0,attention_v2,attention_v2,attention_v2,0.1682,0,0,1,0,0,0,1,1
559,37,relational,0,graph,graph,graph,0.1705,0,0,0,0,0,0,1,1
560,37,relational,1,graph,graph,graph,0.9361,0,0,1,1,0,0,0,1
561,37,feature,1,mlp,attention_v2,graph,0.1337,1,1,0,0,1,1,1,0
562,37,contextual,1,attention_v2,graph,attention_v2,0.2297,0,1,0,1,1,1,1,1
563,37,relational,0,graph,attention_v2,graph,0.4076,0,1,1,1,1,1,0,1
564,37,feature,0,mlp,graph,mlp,0.1646,0,1,1,0,0,0,1,1
565,37,relational,0,graph,graph,graph,0.4037,0,0,1,1,0,0,1,1
566,37,feature,1,mlp,attention_v2,attention_v2,0.3426,1,1,0,1,1,1,1,0
567,37,feature,0,mlp,attention,attention,0.0881,0,1,0,1,0,0,1,0
568,37,relational,1,graph,graph,graph,0.6940,0,0,1,1,0,0,0,1
569,37,feature,0,mlp,attention_v2,attention,0.0894,0,1,0,1,0,0,1,0
570,37,contextual,1,attention_v2,attention,attention_v2,0.3363,0,1,1,1,1,1,1,1
571,37,relational,0,graph,graph,graph,0.8019,0,0,1,0,0,0,1,1
572,37,contextual,0,attention_v2,mlp,attention_v2,0.7016,0,1,0,0,0,0,1,1
573,37,relational,1,graph,attention,graph,0.1233,0,1,0,0,1,1,1,1
574,37,feature,1,mlp,graph,attention_v2,0.3475,1,1,0,1,1,1,1,0
575,37,relational,0,graph,attention,graph,0.1116,0,1,0,1,1,1,0,1
576,37,contextual,0,attention_v2,attention,attention_v2,0.5687,0,0,0,0,0,0,1,1
577,37,relational,1,graph,graph,graph,0.1143,0,1,0,1,1,1,1,1
578,37,feature,1,mlp,mlp,attention_v2,0.3569,1,1,0,1,1,1,1,0
579,37,contextual,0,attention_v2,mlp,attention_v2,0.1667,0,0,1,0,0,0,1,1
580,37,feature,1,mlp,attention,attention_v2,0.3583,1,1,0,1,1,1,1,0
581,37,contextual,1,attention_v2,graph,attention_v2,0.1398,0,1,1,1,1,1,1,1
582,37,contextual,1,attention_v2,attention_v2,attention_v2,0.2678,0,1,1,1,1,1,1,1
583,37,relational,0,graph,attention_v2,graph,0.1064,0,1,0,0,1,1,0,1
584,37,contextual,1,attention_v2,graph,attention_v2,0.2554,0,1,0,1,1,1,1,1
585,37,feature,1,mlp,graph,graph,0.1377,1,1,0,0,1,1,1,0
586,37,contextual,1,attention_v2,attention,attention_v2,0.1853,0,0,0,1,1,1,1,1
587,37,feature,1,mlp,graph,graph,0.1375,1,1,0,0,1,1,1,0
588,37,feature,0,mlp,mlp,mlp,0.1658,0,1,1,0,0,0,1,1
589,37,feature,1,mlp,graph,graph,0.1382,1,1,0,0,1,1,1,0
590,37,relational,0,graph,graph,graph,0.2828,0,0,0,0,0,0,1,1
591,37,contextual,1,attention_v2,graph,attention_v2,0.4629,0,0,1,1,1,1,1,1
592,37,feature,0,mlp,graph,mlp,0.1615,0,1,1,0,0,0,1,1
593,37,relational,1,graph,graph,graph,0.4612,0,0,1,1,0,0,0,1
594,37,contextual,0,attention_v2,attention,attention_v2,0.3610,0,0,0,0,0,0,1,1
595,37,contextual,1,attention_v2,graph,attention_v2,0.4732,0,1,0,1,1,1,1,1
596,37,feature,0,mlp,attention_v2,mlp,0.1678,0,1,1,0,0,0,1,1
597,37,contextual,1,attention_v2,mlp,attention_v2,0.3094,0,1,0,1,1,1,1,1
598,37,relational,0,graph,attention,graph,0.1570,0,0,0,0,0,0,1,1
599,37,feature,1,mlp,attention_v2,graph,0.1346,1,1,0,0,1,1,1,0
600,37,contextual,1,attention_v2,graph,attention_v2,0.3120,0,0,0,1,1,1,1,1
601,37,relational,1,graph,graph,graph,0.3266,0,1,0,0,1,1,1,1
602,37,relational,0,graph,mlp,graph,0.1714,0,1,1,0,1,1,0,1
603,37,relational,1,graph,attention,graph,0.1901,0,1,1,1,1,1,1,1
604,37,contextual,0,attention_v2,attention_v2,attention_v2,0.4220,0,1,1,0,0,0,1,1
605,37,relational,1,graph,mlp,graph,0.2195,0,1,0,1,1,1,1,1
606,37,contextual,1,attention_v2,mlp,attention_v2,0.4474,0,0,1,1,1,1,1,1
607,37,relational,0,graph,graph,graph,0.1619,0,0,0,0,0,0,1,1
608,37,feature,1,mlp,attention_v2,attention_v2,0.3565,1,1,0,1,1,1,1,0
609,37,feature,0,mlp,graph,attention,0.0885,0,1,0,1,0,0,1,0
610,37,contextual,1,attention_v2,mlp,attention_v2,0.1583,0,1,1,1,1,1,1,1
611,37,contextual,0,attention_v2,attention,attention_v2,0.3188,0,0,0,0,0,0,1,1
612,37,feature,1,mlp,attention_v2,graph,0.1310,1,1,0,0,1,1,1,0
613,37,feature,0,mlp,graph,attention,0.0905,0,1,0,1,0,0,1,0
614,37,contextual,0,attention_v2,attention_v2,attention_v2,0.3146,0,1,1,0,0,0,1,1
615,37,feature,1,mlp,attention_v2,graph,0.1399,1,1,0,0,1,1,1,0
616,37,relational,1,graph,graph,graph,0.2327,0,1,1,0,1,1,1,1
617,37,relational,1,graph,mlp,graph,0.1822,0,0,0,0,0,0,0,1
618,37,feature,1,mlp,attention,attention_v2,0.3628,1,1,0,1,1,1,1,0
619,37,feature,1,mlp,attention,graph,0.1370,1,1,0,0,1,1,1,0
620,37,relational,1,graph,attention,graph,0.5529,0,1,1,0,1,1,1,1
621,37,feature,0,mlp,graph,attention,0.0881,0,1,0,1,0,0,1,0
622,37,relational,1,graph,attention,graph,0.1910,0,1,0,1,1,1,1,1
623,37,contextual,1,attention_v2,mlp,attention_v2,0.3552,0,0,0,1,1,1,1,1
624,37,relational,0,graph,mlp,graph,0.2054,0,0,0,1,0,0,1,1
625,37,relational,0,graph,attention,graph,0.1388,0,1,0,0,1,1,0,1
626,37,contextual,1,attention_v2,mlp,attention_v2,0.5426,0,0,0,1,1,1,1,1
627,37,feature,0,mlp,mlp,mlp,0.1665,0,1,1,0,0,0,1,1
628,37,feature,1,mlp,attention_v2,attention_v2,0.3486,1,1,0,1,1,1,1,0
629,37,relational,1,graph,attention,graph,0.1261,0,1,0,0,1,1,1,1
630,37,contextual,0,attention_v2,attention,attention_v2,0.7039,0,1,0,0,0,0,1,1
631,37,relational,1,graph,graph,graph,0.1685,0,1,0,1,1,1,1,1
632,37,relational,0,graph,mlp,graph,0.3148,0,1,1,1,1,1,0,1
633,37,relational,1,graph,graph,graph,0.1484,0,1,0,0,1,1,1,1
634,37,feature,0,mlp,mlp,mlp,0.1639,0,1,1,0,0,0,1,1
635,37,contextual,1,attention_v2,mlp,attention_v2,0.1953,0,1,0,1,1,1,1,1
636,37,contextual,1,attention_v2,mlp,attention_v2,0.3911,0,0,1,1,1,1,1,1
637,37,relational,0,graph,graph,graph,0.2522,0,1,1,1,1,1,0,1
638,37,relational,0,graph,attention_v2,graph,0.3149,0,0,0,0,0,0,1,1
639,37,relational,0,graph,graph,graph,0.2752,0,0,0,0,0,0,1,1
640,37,relational,0,graph,attention,graph,0.2038,0,0,0,0,0,0,1,1
641,37,relational,0,graph,mlp,graph,0.1760,0,1,0,0,1,1,0,1
642,37,contextual,0,attention_v2,attention_v2,attention_v2,0.2740,0,0,0,0,0,0,1,1
643,37,contextual,0,attention_v2,attention,attention_v2,0.3529,0,0,0,0,0,0,1,1
644,37,feature,1,mlp,attention,attention_v2,0.3330,1,1,0,1,1,1,1,0
645,37,relational,0,graph,attention,graph,0.1428,0,0,0,0,0,0,1,1
646,37,relational,1,graph,mlp,graph,0.2342,0,0,0,1,0,0,0,1
647,37,contextual,1,attention_v2,mlp,attention_v2,0.3588,0,0,0,1,1,1,1,1
648,37,contextual,1,attention_v2,mlp,attention_v2,0.3420,0,1,1,1,1,1,1,1
649,37,relational,1,graph,graph,graph,0.9356,0,1,1,1,1,1,1,1
650,37,contextual,0,attention_v2,attention_v2,attention_v2,0.2751,0,0,0,0,0,0,1,1
651,37,feature,0,mlp,graph,attention,0.0835,0,1,0,1,0,0,1,0
652,37,feature,0,mlp,graph,mlp,0.1658,0,1,1,0,0,0,1,1
653,37,contextual,1,attention_v2,graph,attention_v2,0.3115,0,0,1,1,1,1,1,1
654,37,contextual,1,attention_v2,attention_v2,attention_v2,0.2366,0,0,1,1,1,1,1,1
655,37,feature,1,mlp,graph,attention_v2,0.3565,1,1,0,1,1,1,1,0
656,37,relational,0,graph,mlp,graph,0.2226,0,1,1,0,1,1,0,1
657,37,feature,0,mlp,attention,mlp,0.1637,0,1,1,0,0,0,1,1
658,37,relational,0,graph,graph,graph,0.2410,0,0,1,1,0,0,1,1
659,37,feature,1,mlp,attention_v2,attention_v2,0.3591,1,1,0,1,1,1,1,0
660,37,feature,1,mlp,attention_v2,graph,0.1457,1,1,0,0,1,1,1,0
661,37,feature,0,mlp,attention,mlp,0.1602,0,1,1,0,0,0,1,1
662,37,relational,1,graph,graph,graph,0.2835,0,1,0,0,1,1,1,1
663,37,relational,0,graph,attention_v2,graph,0.2642,0,0,0,0,0,0,1,1
664,37,contextual,1,attention_v2,graph,attention_v2,0.3418,0,0,0,1,1,1,1,1
665,37,contextual,1,attention_v2,attention,attention_v2,0.2017,0,0,0,1,1,1,1,1
666,37,contextual,1,attention_v2,attention,attention_v2,0.5133,0,1,1,1,1,1,1,1
667,37,relational,1,graph,mlp,graph,0.1629,0,1,0,0,1,1,1,1
668,37,contextual,0,attention_v2,attention_v2,attention_v2,0.1895,0,1,0,0,0,0,1,1
669,37,contextual,0,attention_v2,graph,attention_v2,0.4801,0,0,0,0,0,0,1,1
670,37,feature,1,mlp,attention_v2,graph,0.1398,1,1,0,0,1,1,1,0
671,37,feature,1,mlp,attention_v2,graph,0.1348,1,1,0,0,1,1,1,0
672,37,relational,1,graph,mlp,graph,0.1561,0,0,0,0,0,0,0,1
673,37,feature,1,mlp,attention,graph,0.1377,1,1,0,0,1,1,1,0
674,37,relational,0,graph,graph,graph,0.2881,0,0,1,0,0,0,1,1
675,37,feature,0,mlp,graph,attention,0.0900,0,1,0,1,0,0,1,0
676,37,feature,0,mlp,attention,mlp,0.1606,0,1,1,0,0,0,1,1
677,37,relational,1,graph,attention,graph,0.1446,0,1,0,1,1,1,1,1
678,37,contextual,0,attention_v2,mlp,attention_v2,0.5021,0,1,1,0,0,0,1,1
679,37,feature,0,mlp,mlp,attention,0.0906,0,1,0,1,0,0,1,0
680,37,feature,0,mlp,graph,mlp,0.1718,0,1,1,0,0,0,1,1
681,37,relational,0,graph,mlp,graph,0.1898,0,0,0,1,0,0,1,1
682,37,feature,1,mlp,graph,graph,0.1303,1,1,0,0,1,1,1,0
683,37,relational,1,graph,attention_v2,graph,0.2218,0,1,0,0,1,1,1,1
684,37,relational,1,graph,mlp,graph,0.1932,0,1,0,0,1,1,1,1
685,37,feature,1,mlp,mlp,attention_v2,0.3526,1,1,0,1,1,1,1,0
686,37,feature,1,mlp,attention,graph,0.1321,1,1,0,0,1,1,1,0
687,37,relational,1,graph,attention,graph,0.2889,0,1,0,0,1,1,1,1
688,37,feature,1,mlp,mlp,graph,0.1372,1,1,0,0,1,1,1,0
689,37,relational,1,graph,mlp,graph,0.1395,0,1,0,1,1,1,1,1
690,37,feature,0,mlp,attention,attention,0.0902,0,1,0,1,0,0,1,0
691,37,feature,1,mlp,graph,attention_v2,0.3476,1,1,0,1,1,1,1,0
692,37,relational,0,graph,mlp,graph,0.1647,0,0,0,1,0,0,1,1
693,37,feature,1,mlp,mlp,attention_v2,0.3499,1,1,0,1,1,1,1,0
694,37,contextual,1,attention_v2,attention_v2,attention_v2,0.2514,0,0,0,1,1,1,1,1
695,37,contextual,1,attention_v2,attention,attention_v2,0.1715,0,0,0,1,1,1,1,1
696,37,feature,0,mlp,attention,mlp,0.1653,0,1,1,1,0,0,1,1
697,37,relational,1,graph,attention,graph,0.3893,0,1,1,1,1,1,1,1
698,37,relational,1,graph,mlp,graph,0.1095,0,1,0,1,1,1,1,1
699,37,feature,1,mlp,attention_v2,graph,0.1435,1,1,0,0,1,1,1,0
700,37,contextual,1,attention_v2,mlp,attention_v2,0.1359,0,1,0,1,1,1,1,1
701,37,feature,0,mlp,attention,mlp,0.1649,0,1,1,0,0,0,1,1
702,37,feature,1,mlp,graph,attention_v2,0.3524,1,1,0,1,1,1,1,0
703,37,relational,0,graph,graph,graph,0.5072,0,0,1,1,0,0,1,1
704,37,feature,0,mlp,attention,attention,0.0863,0,1,0,1,0,0,1,0
705,37,relational,0,graph,graph,graph,0.1430,0,1,0,0,1,1,0,1
706,37,relational,1,graph,mlp,graph,0.2777,0,0,0,1,0,0,0,1
707,37,feature,1,mlp,mlp,attention_v2,0.3460,1,1,0,1,1,1,1,0
708,37,contextual,1,attention_v2,attention_v2,attention_v2,0.1186,0,0,0,1,1,1,1,1
709,37,feature,1,mlp,attention_v2,graph,0.1398,1,1,0,0,1,1,1,0
710,37,relational,1,graph,graph,graph,0.2589,0,1,0,0,1,1,1,1
711,37,contextual,1,attention_v2,attention,attention_v2,0.3019,0,0,0,1,1,1,1,1
712,37,feature,1,mlp,attention_v2,attention_v2,0.3386,1,1,0,1,1,1,1,0
713,37,feature,1,mlp,graph,attention_v2,0.3544,1,1,0,1,1,1,1,0
714,37,relational,0,graph,mlp,graph,0.1491,0,1,0,1,1,1,0,1
715,37,feature,0,mlp,attention,mlp,0.1635,0,1,1,0,0,0,1,1
716,37,contextual,1,attention_v2,attention,attention_v2,0.1974,0,0,1,1,1,1,1,1
717,37,relational,1,graph,attention_v2,graph,0.1604,0,1,0,0,1,1,1,1
718,37,contextual,1,attention_v2,attention,attention_v2,0.4917,0,1,1,1,1,1,1,1
719,37,relational,0,graph,attention,graph,0.2158,0,1,1,1,1,1,0,1
